/*
Navicat SQL Server Data Transfer

Source Server         : Local Host
Source Server Version : 120000
Source Host           : localhost:1433
Source Database       : Autobots
Source Schema         : dbo

Target Server Type    : SQL Server
Target Server Version : 120000
File Encoding         : 65001

Date: 2017-11-24 01:15:50
*/


-- ----------------------------
-- Table structure for __MigrationHistory
-- ----------------------------
DROP TABLE [dbo].[__MigrationHistory]
GO
CREATE TABLE [dbo].[__MigrationHistory] (
[MigrationId] nvarchar(150) NOT NULL ,
[ContextKey] nvarchar(300) NOT NULL ,
[Model] varbinary(MAX) NOT NULL ,
[ProductVersion] nvarchar(32) NOT NULL 
)


GO

-- ----------------------------
-- Records of __MigrationHistory
-- ----------------------------
INSERT INTO [dbo].[__MigrationHistory] ([MigrationId], [ContextKey], [Model], [ProductVersion]) VALUES (N'201711011911576_v1', N'Autobots.Entities.Migrations.Configuration', 0x1F8B0800000000000400DD5C5B6FE336167E5FA0FF41D053BBCD58B97406B381DDC27592DDA0B90CC69941DF06B4443BC248942A526982A2BFAC0FFB93F62F2C29511792A22E966C39458162CCCB770E0F0FC9C3A38FF9DF5FFF9DFEF4EC7BC6138CB01BA099793239360D88ECC071D16666C664FDE6BDF9D38FDFFC637AE9F8CFC6E7ACDD196B477B223C331F0909CF2D0BDB8FD00778E2BB7614E0604D2676E05BC009ACD3E3E37F59272716A41026C5328CE9C71811D787C90FFA7311201B862406DE6DE0400FF3725AB34C508D3BE0431C021BCECC794C825540F0E492421017E209ED4DE033318DB9E702AAD0127A6BD30008050410AAEEF9270C97240AD06619D202E03DBC8490B65B030F433E8CF3A279DB111D9FB2115945C70CCA8E3109FC8E802767DC4496DC7D2B439BB909A911134BBDB05127869C99D70E4C8A3E061E35802CF07CE145ACF1CCBCCD45CC717807C924EB981AFFE52AA270BF07D1D74919F1C868DDEF2877A9D3C931FBEFC858C41E89233843302611F08E8C0FF1CA73ED5FE0CB43F015A2D9D9C96A7DF6FEED3BE09CBDFB019EBD2D8F948E95B6130A68D187280861447583EB7CFCA66189FD2CB963DEADD427B50AF525BA3A4CE3163CDF40B4218F74DD9CBE378D2BF7193A590977AE4FC8A58B897622514C7FDEC59E07561ECCEBAD5A99ECFF35524FDFBE1B44EA1D787237C9D44BF2E9C289B0697C845E528B1FDD305D5EC27C7FE1CDAEA2C067BF45FF4A6BBF2C8338B2D960026D9307106D2011B59B5A85F3B672690635BC5B67A887EFDA4C53D5BD2B9BB2016DB3123211FB5E0D99BEBB95DBDAE3E66148272F712D66913A87D39E59B9F7A4E7DEF712E691A1F42CDCEAA4AD5B213ADCBFF32E79E54698346C95F49FBB107D03C692FCE1314023889D3B4E0431DEBFE04B1FB8DE0067610B29746DAEDDC887B92BFF1CD09D07A0EE730430A64781F31F801F07B058BDB025B4E388EE244B02FC70E7D212F7BB8BFD15DBF8F6276BB0A979F83DB8023609A24BC47AF5C6BB09ECAF414C2E91730108FC44EC0C90FD7C70FDF60083A833B76DBA4AAFA833436711D0CB5606788DC8D969673876168D1D8B2E3CE0FAD5C1A8746A7EC99A160169750B2528D534AB0A4CEB54BD09362E6AA76AD654AF6ADAA25155DEACABAA0CAC9DA6BCA55ED1A441A39E69ABC142FD6486868FF513D8C30FF6FB4568BABDA064C625DD21E1BF218211DDC69C0F801018A16206DAEC1B634484C9F431A13B3F9B12499F81170F2D6AABD5906C02C3AF8604F6F05743A2262D7E721D1695B4B801678D297CABF6D597EBE6352769B6EFE5200C73DFC2F7B307E896CB1CE3C07693555091FBE4992B517F1AC319CD69AC7434722A8C0E8C3ABACB8E3C5A42C766CA4E758F2EA0070934E6769A1B5E006C034735231D90D341B1EC44AD50AC488989CAFD5391493D1D46AC136097204C57AA8B88BA2C5C64BB21F01AAD24F56C7984B1B1E732E49A0B1842C404365AA28DF0EA0C18532097234D4A9385A656C9E3EA1D5113B5EAE6BC29842DE65D494CEDC5271B62678D5FF2F86D278E596FB13D3867BD49DA28A0CDE68EE1A0FCAED2D601E48BCBA139A87463D238280FA9F6E2A0A2C5467050D124AFCE41D32B6ADBF997EEAB87E69EE24579FFC77AADB946F04DC11E07E69A69ECC9BEE9D01E3052DDF36295931494CB19D593DFCF300F75651761E04B48C4944D11EF56C6A1563D88EC44758085A33580F2EFC00A90B2A03A2897E5F26AB5E3514407D82CEF560BCBF77E09B6E4032A76F97B78A9A1FEABB9EC9CAD6E1FF9C8726F509CBCD565A18453E110F2E6250EBC8551747959D5306D62E12ED17069607C326A0CD410B96A8C940D66702B65AED96CA5AA80AC4B48D6CB4A52F8A4B1523698C1ADC47DB4D94815414187B0A09789C4237CA0C596653AF2D326AF9B5A295B8E174C2D0DAD6E7A0BC2D0459B12CD8E9718CB9463B778B3ECCE3AF3530CCBC615E4B35CDB5C120922B081522D154D354D3EE85F00025680E579168EAF34AB3C5B35DB7F26B27C7CAA93989D03596BF66FEE7A8DEC8DE4745463120E754507EAB3C026C9A657B841757783B11F8107A28A04FE22F0621FE9E32C7DEFF4335EB97F5AA2224C2D497F258E528CA644BBE20CB49A1F756D0C3B577934B3FD7CE9217456CF62D1B2DD75F1A91E254B5795517429ACD1E64F17D66C336772E0D87DCA1A1176B3CA4A94A43248A9B83D56C1312A4315A5ED913867A80CC38BDA63E404A0324A5ED81E87F379CA28BCA823468912A28095EA3A584960ED08C6126ADA234AD49C32A454D5712E33028E32A359C556781A8B56B7682F41A5DC94D1D5DA0E2B4425DF084B45ADDE02BB4267B9AEC32A52F939C27A52ABDB6317641DF9B439E0935E7BE1EB7BD4A7A9817E67BD06633747C730A142890151062A1577C4E21C07058C971FA45369EFC77D9D2A4D0CF5732A0D867E1F122804E23654CB7BD0630ABC0061ABAFE345E8F1BAB9EE4E1D44B925CB4D72E9F96D59BA154FF90DB5F9459A72654D9B984666467ACCBF6002FD096B3059FEE62D3C17B24D3D6B700B90BB8698A45C18F3F4F8E4547ACD76382FCB2C8C1DAFE286AF7B5E26CED91E686DE80944F623885492498FD75705A892BFBF460E7C9E997F24BDCE935410FB57527C645CE34FC8FD2DA6150F510C8D3F55D2EC30AF51EAEFA607FA76A8BD55AF7FFD92763D32EE23BA62CE8D63C996DBCCB0F8A2A8933669D71EDA6CFDCEE8F52E28E5A14E86FCAD0F9EBFEBFDF8A61F9AF0A0A61F94F448A61F98F0F0A5722AA45D64FB772E2B970CF2C6453BE0ADDFB1F442AC78AB3214DE2026D4BD45D9064BFB0EC5A13F49F20EA5DB60ABDFA56CA39AF64D8A8BBA83C92F52DAEFDD59CF11CFE78AFBE43EF6F1C4CE8D8CFE5EF4DEB10F7485F8DF6BA1ABE4FE0E703D08FC5B78C62BE3BE0F16525450DB07C31ED3B577CE673F140A7B412E1A97B9BE4FB27ACD27C8BF1547FD005895152CB1F199E8FBF6355D0EFCC0E9BCDDF8E607E66C9C3B383EAB7CDFCEA6CB8D1FB8B375E28E1F98AF8D757E8EEC69AD8FD0D199E02AA94DF32DAB2A81DEC4F44EBF36D01BFE2AA04E904694E903DD6A6AA14E58E12C5A814513BD503DA75116AC2C1C45AED2A25E6CB7B1F203BF76B0BC4DBD580D13B84E36DFFF6B65F336F5B235FCDA3138EA950CD7AA77030DFB581DE1EE3571D28591343C81688A596B8909AF89823E885184D5A3F9B0FE7A18E7839864C8A5D38161AE7E23A76767E96FBBD2F31BBB9B0282FDA557046DE1D4CCDB5CA375901DDE924659132943730B0970E8913A8F88BB0636A1D52CC79CFC8581246FC7BE74ACA0738DEE6312C6840E19FA2B4F4878B120A04E7E42A317759EDE87C91FCB196208544D97E5E6EFD1CFB1EB39B9DE571539210D048B2E784697CD256199DDCD4B8E74A7303C7540DC7C7950F400FDD0A360F81E2DC113DC4637EA7E377003EC972203A803699E08D1ECD30B176C22E0638E51F4A73FA90F3BFEF38FFF0734AA34B7E2580000, N'6.1.3-40302')
GO
GO
INSERT INTO [dbo].[__MigrationHistory] ([MigrationId], [ContextKey], [Model], [ProductVersion]) VALUES (N'201711111125375_v1', N'Autobots.Entities.Migrations.Configuration', 0x1F8B0800000000000400ED5D5B6FDCBA117E2FD0FFB0D8A7B6C8F1C64E13A4817D0E7CECA4359A1BE2E4A07D0AE45DDA11A295F648DA9C18457F591FFA93FA174A4A94C4CB0C2F1257BB9B2C02045E911C7286DF0C6F43CEFFFEF3DFD39FBE2E93C917921771969E4D8F8F1E4E27249D678B38BD3B9BAECBDB1F9E4E7FFAF1F7BF3B7DBE587E9DFCD2E47BC4F2D192697136FD5496AB67B35931FF44965171B48CE7795664B7E5D13C5BCEA245363B79F8F02FB3E3E319A124A694D66472FA6E9D96F192543FE8CF8B2C9D9355B98E9257D9822405FF4E53AE2BAA93D7D19214AB684ECEA6E7EB32BBC9CAE2E8392551C6A438A2A54BF2B59C4ECE9338A20DBA26C9ED7412A5695646256DEEB30F05B92EF32CBDBB5ED10F51F2FE7E4568BEDB28290867E35997DD95A387278CA35957B021355F1765B6F42478FC888B68A616EF25E8692B422AC44A52F78CEB4A9067D38B287F157DA6BCAB753DBB4872960F1273DD3547973F1FF1E20F265AA6072D442892D8BF07938B7552AE73729692759947C983C9DBF54D12CFFF4EEEDF679F497A96AE93446C2D6D2F4D933ED04F6FF36C45F2F2FE1DB9E53C5C2DA693995C6EA6166C8B09656AF6AED2F2D1C974F29A561EDD24A40583208AEB32CBC95F494AF2A8248BB75159923C653448254EAD76A52EF67F531B451FD5A7E9E455F4F52549EFCA4F6753FAE774F222FE4A16CD17DE820F694CD58F162AF335B15572498A791EAF6A986CB8AEABE27C5EC65F5AA67ECEB28444292044339D8B9C30819E970DA14BFAF37DCCA4D5A33B2EB2E56A4D3FD86AFDB05A38D7AA507A1D7D89EFAA4628346B8D984EDE91A44A2E3EC5ABDAFC342AF2B1C9F222CF96EFB2A4D33D9EF2F13A5BE77326D30C4C7E1FE577A4949B743AEB14DAAAE68CCC103D673F0E8AFE5D293AC39F5D800763E1692CAA017788A9686C01622A1A4BE2DAA0B7793C27B8F562443F3679E4360949A0FD12D30719B08AC6C5A7282FFB9AB08EC2C18819759E496CA8D25FAF6FAE49FE854A7C28A5AADB5AE523F37819D151EC6D4EFFE20B95A7D3C9F53C62040FC669B871EA660AC3AC0164A2206BE1DAAE0E5160CBBA64A06D5AA2D63A3D07D43E676B2536B69FB5EA281CACD57735E50A64360F86CD6392E3693CD4890E6E5E9C8D9BC9B271D2FAA4504ED16D9A9C3CCCA00DB4660753F61D9A326A83168B37E95013F436CAA9000F76714376F19C76116216B901E13974C35325E8E6504AF53585869D34674B88B5C8B093661C3944000E911466A16539F632D06FF205C9FB9AE7AAF0C1381B35AF2079571F60328F4F9E063099A38C01CF97519C6CBC96B79FB294BCCE365E0F1D637252141BAFE79F24CA878D3DAF629AFD8E0C23C2ACFD759295878130F4405859C14B5256CA0118F92AFDA394AB33F45AA23608E9397CC721CA1F8536EB7CB07D5DF2C7F3D52A8BD372496D9B341C2159B48109CBE7BB69C3AC26D8564A958E1AD55796076DB0299FD66A63E6E1A36BD3E903C6D89AC461A435D555096AA8750B717075D8C3DE574BDE3AB560569C1BE0369F62C7E564D8922B797C6D399FAF0F1F665423880F448176DA25D242565886C2DE98498C42B641C784E210D9CF4E77140E66DAB8911417AB24BA7F5FB9DB6D7A4FBC8CF29292AECD82AF9950573FE92214A983E5D53693A4795CD849AA6A3F6C93D95E06449943FA5911EE7EAACE6EF7D9900CD8E9F0548217715E9481F63F3CAB7E196DABE66A9364FC6AC3ED99EC81C51CB61976F2F849A82D376A1E6EE37C491643B97F1B15C56F59BEF85B547C1AE1407ABECEA991A483F07235D2AEE17A7943F231EB0AD635EF7FCB5E44733A303F4F59A9C1F45E66F3CFD9BAA4931686F00FE55C07BC238120CD399FCFA9DD7841C14C1617D93A2D872D8CD9E86831BCAEFAB7B9294B90BD2A75F2E2B4B1E5BCDE4DA278E9D6F8262BDEEC3A87B5C13C9B6F535F66773172DCA8D6D064C59B5AE7B0369567F36D2A23E6D6529E136F6895C1DACE3AD7A0E96BB37A63F4AA1E324D605FB5D786CE8BD56B521E35A5EB69EAFD8B9CD2A4E3CCE7238DEC838973E16EAA7BE23AD57D747C73FBE8E9E327D1E2D1933F93478FBFC5F573B00345DF9913EB3E56E9C687D7AAA65FA2641DBAAA5EDA501981F0DA5091DD7D6DA89A493F7F89AB6DC799BD4493999277CADFE0D957E794968DAD0E129B63573E8E0DE8A52E6C2C0AAF2D8CEAEE2B0B0C65302B63A80FEAB765FD9BF6EE18E2C2A36D3F90B62F7B73DB5EA3317581A7E2627F7FE4D9BA79B89EAA4DC2812C3E33F0F3A2C8E671D52AEDF8AC71269799A44BF989D5B3BC96B4EC9B4E454E2119B335036D08EDEBA90AB037E925494849266C938D9D2B5F44C53C5AE882A6CC2CDC5BD51E3176AD12AFE3C9ADFA935619853B610E9471C476C00AAA4C74A1ABEB469CCEE35594D864A31474542BC6735B859A724956246530B049C0A56ED96B406F455B99D22336299DCE04A859102879A3A2FD0C3BF10AC8C360A776304613C00D423314682096C6000CC4B64BBD9A6BFB56F1C2FDAA6D9DAB3A593B206633860AB9FEE2623B03034E16C98888937977B24F5B069B7A8514EB5DF47679D7BDDD55D551F086DE701D715844A43202E210EE5D6A6E6F946F0D70C2A30AA6DE851E6391E156798B8D8636E8C5073BFC03424D17C84848D33977021AF7FADC0ACE20C742AC738D5E865D0F4B4E80B64E365347F0B3693CF7429EA1FD23C0CFD0377B854161F2E30214C8513328120117CFF197B983F1A873313224F57EDA9355A9EED76C440D7C974641E44863B1C1EBBAA78AF4C7212497B1200889C0A5EEF64AC7568087B99C62BD6DF53FEDFA5C74371F0589D60B5C16050984448B8846C0A345102E2D106F526E059846C7220C016E5E461D0C34876619100F8F8E4C1B7A6EF7EFC6019D0BE72320CF45242ECD404F19B7013DEE16E60A03D547CC196E1B328B16E734A17D8083D428609525B60598CA22D93B807267405700A89E81BB0650C525110128F7591A05A0B2C4B6005059247B07D0DA07D4B5FF1587D05D83A7EC898AA0B376DA18059C92B8B6804D491E3B0F4DC02702EB78938384DEEB508F6F089106B78CF1E1884B69042CE29270A91C7650DB08106B07197607929620B96E272F6FDAF81C9AAB17658C7B7B15DC5B484506237E4D4AF954A7984E3ABF1C755F5B5BD5E824EAF31390449D64A1211EF86954C4440B1D71FB53A32326DAE8E0441C29F0159C569E7F7729DD6C82C1349A540B25716B452324265AE8709F308D8436D05AE8680B078828B0BAF020DB5C783192E573420FB2FC768A916A6D3C2D446D84402282B180E0DE3EB82AE4435F65556D988B2B5DCB84AC649A3D747180136819747B26B3EC220EF9F9404014B84797DC74D0A74B14810BFFA013979DC800C69B171D71CEA1D37BB0D5CAF97D4FDE9553772710F5E05F7B4F5D1780D15F466A3BE63123341E1BD78C74368D7E35EA052C03CC85436B3AE0C4A148A09E37582400F85E3808B207FBE08344BA0CACEE05FA8915E26020B0611890ADE410A940C21D281551E5CC82C1CEBC51668053EF81E2018EB937653D8097A210F1E0C7AE3A1FE0C1AB2A14BB38C0E35237D9F61005FAAC8C2E10A7E340AF0341812B7C62EA758C6713770F09996FB1EB62723F9CF23F9E12D8E3D37383AC9C8EA046105833E9B78B0A3A4CF1394E19241EE5E843A005AD60824BA959C3D8A504EDE8FBECE90F9292B2FF8E48A96126B894F84ACA2E246057D9635F799088E43D6044429C91C10282AE71E9D2B16D6CBA6E6D0ACC800CB8EE4406124A73B7ACDD3A6BD34E6775D45BFEE1748684C73D7D15AD56744411C2E5F22F93EB3A56EEC50FD7FED16397358DD95C92B3BAD1D7D654667974479454F61EDD82548F7B5D46657413B17B7F178BA5960DDC284436249A2A95BD40BD139B9D8AA600FB9BAB24FA7A1B32BBEE64FA82B2C9869F8A63A2CF7FF5921316BE384AA21CB8CB799125EB658A6F15E3A5EB5B9962F9FA8B3B05291A8848484A70A7D73DEF2571D57E75A7243CF02592123EBBD3121E3A1469099F755AA733A5B3B5FD730D5CDAE1860C56672857EBCA705086C83962192EFABD80B9F1E4164961DEDD06A91C544249F7540961AF298C52E0041DD4C25478338AD1DE9E9270885DA9C2E9C82EE02231B373384E913F6B2E92E29F0EEA319A7A18B7BCFAA8074ED0413D4C85BF977103D3B23E2A76500F35DD573DC2EA467FC5F8DEB5A20D06A800B9FEE831E8A84F2648C38FED3D0563FB0E9A26A57B6A5ABDEF1A46CF405A0E5A8694DB8C8E353E7E52C7207E7F3895E19ACA5FB01649F04F1E5AD5046B93B4A9F9E84EA77D585CA4D37E74A753075B1389D45F3CA6CD4DB03569DADC7C74A723DE121249996E0F191077B0324A7A1F2B831E64F6B6353045578B8395DE8CDD696F538A24D02B96389D30FB1B8765E537A967C241761835C3093A6899A9F066944C0A6F244D7FC5040F35914218496A22A5780CFB421C2369EC17BE1F14663485C18E23FBE88AEA9BECAF30560A9BD11A21868F4844F8EC4EAB0BCA2392EABE7A4E6E81A9ED3626B6BBA9672196106A881B8D9890E6B3DC1743DDC86B7D31C5677B4E8A67236FD14949BECB271EB5465F42F1845EF41089C2393C96355A9C1A6971A3A57AE8AD1EB14652603DB9076DA0CD6A9A876EEB416D242DD793FD3609742BD67DDD99F10BF00E0B3398E97762FC8733071ABBBCC723C4DC904C75F7D993168FAAA111E3DF771254A8BFDF5050D537A286810AA181DB212968856C868C9136709A52240A79F16B88C481D3F383EE0E0004F3751C8A8FEA5ADA3078C024366B349A9BBB2215EC36EFD6FA6F137D36B0BFFCFA6AAC63B68DF68FE640AA66696BE75FDADFAD032977DE94BC4A2BAE998F68C56DC11D49556FCE3A0B0B675F9B293A8DBE2F4AB23C62198EAE7F4D2E9298B0495393E15594C6B7A428EB301AD39387C727D3C979124745EDE6CBFD549FA977C49D1C578F1F31C755B258CED4E2FEEEAF8C4A512CA48D5D3D8609FCD6EB08E13F6226546B14B201913ED22F513EFF14E57F58465FFF28527289FE251D1307A0A7468EBD89CBE15163D9365259ED94596369FB867652836B775585099D03FB671E70171A77CD8988C0BBF678C555BA205FCFA6FFAA8A3C9B5CFDE3635DEAC1A43A9679367938F9F7E050C9DF3BE031CFCBBD857CEBC3E909ADBAD8206CC947737EF58B650735821FEA71B49079BC8C12364BA07F5591B8A6C74FA9D0E9B48B26FB87163EA88FAC3EE873E0FBAA3E3B3B62F4D7AC206A7500BE02FC03EAC7407DEBCAD91F759AF7A69FFA28C50F4A14508900C7CABD552139F66A037A2788D5456564A9D137FDD426983EF3F3DA00945AB7CF00B4DA13F200B46A0F500118BEF3EDC6F9B33F09D1E9D3CF3875250F7629B45D02C389ECAB756A1D39FDF0C58B0D02D7D6B63A0ECBD1EF4E71318FCEBDD55BC92F34C42A52720BF5EA04607220F8840E247500B20C64A3A7E51868EE26B0F84CD449548297A605BF4EE43A4FCD10D4B8C3660852AE73D25D50075F3D87160112304E1E3FE9B5B2109C0C872CF04597CD205B6D92C366B0C50F77D80C4B2F880875CFCCFEB400574C1C7F2ECCAA2E98FD9B06F85CF65FB575DE96BE4BFEA664F5F9C1E4AAF890C6BFAE69C27B2A0D65F1AF68D69031C5E2EEB8B773A4D1765EDCCC6EE77E1940D145FF4B6F72BD9001F82CBA21C3E2A2089430BA203A873FB1E34F6959E0098EC44560DADB84762FF4E86E726EE04123DBE859616F453B0A76CB4C345CF4684D5D74CC9EEDDBAB3BB204E9374A33A6373F4AEB71962C012AC09012DB087ADDB5437CB75F6887F8792301948C6F4AB9A071E21331C9F8C09B5EDB0EC4C636C4F7D08353C810C2F0A3F69B46A676B5B5930A0581F1FA5F64D0A53AEBAB41A362000A72D117041B3122DEC66C0F11E467AFB60D1D638C1820B28BD46FDDC76F7A08323C85BBED01087DCC7334F060C175F498381A74AA6FA320C70BBD015103BF051E1C345E00C5DEE9190531D650443B051B29D08CD00AE9FBBE83C7FC88D50EE307754BDEBDC5D3F68034EEF2C9174B3BB07EB204B9523B51EFBE6F1E42D88B9A5B470FFA70DD28C0710A060606EE92FA4FFC3C1E90EC300E041EE3DB6D9B41905345A6373847818F7B90343CD092D48B5A9ADC9F0F8F8E4C3B3BE3A2C2FE4AD916A1811E536C0316D07B3A6100B121F302C4B116DA04A47E2B007379AC68C7C106BDB3B33760E3D1CD11B0F1D46F116CD823463B0E36E0FD97BDC15A1DAE1E815A9DF82D220D795E67C780660BF588046804FB13EACB6F185F96779476035CD84B561B0097F23652B3EDAD45A554FB943FB7246F9337413FA1EDCCFA25A4B3E9E2865D9EAB1D0CD090E810FD7A231BACA04EC26AA8B7EE6D5588672C5A256222544D976EAF48DC9AD32A1213A18ABA74878AF05A8C55B8D2E7CB278D3AFF0ED1AE921C29373B3E30FD2615ADA5CE60AF4BDC9DD0AA1213A19ABA747B45DA98AED5A6E580AA3C2F56AF4909462CD6AA04D6225AA5401E73B548746C53DD7C6A6AAC9BE731D78DC49C36D55D8F25C6AAEB2CE69AE1B0C558C5964A6D15C29581B1A175372B2034B4C5170B3D5068D9933F6BC3127C802D94163FAB1306EF70D8B23F10C42EEE3024B30AF1E9C0A4E423642F3B80C566ECC279840EA6C330E98B831E6CAAAE19009F46EF0DA9C1EA1C410ED4BB6DD02A8E0408A798AB81C6A830D992826B9BD8F412500F16A1936F804FEB017910668129841692282CCBA26698B93646250D638747645F3A59C438C78F1FA13D7AB5C13BC02A76160630EC746C861E9C091C889F6D02B00BAD07D3C6131C8073F7131FF34E98C08A96B6138268E6C07611A0D10242338FCEF5911801E185D24CCEED42415FBBDFA450A44508F2C67D78A1F0A9BC5D26D863E19B1489B84C819F751F2E1060AF1290866D47D3B0A709341F6AFA2842D0DE1A6FD34E67F5728F7FA03FB537C54F67EFD629BB595CFFBA24457CD79138A534533297F6EFDA3C57E96DD66C232A2D6AB2A8CFD9D081711195D1795EC6B7D1BCA4C9EC52311D6FA693EAA226BBDA7E431657E99B75B95A979465B2BC49A41B8E6C3BD254FFE94C6BF3E99BEA51BD22040BB49931BB8CFD26FD791D278BB6DD2F806B4B0809B6CFC9AFF0B2BE2CD955DEBBFB96D26B2D0E1646888BAFDD9E7D4F96AB84122BDEA4D7117B00C1BF6D147E2FC95D34BFEFAE7C6244EC1D218BFDF4328EEEF26859701A5D79FA936278B1FCFAE3FF018F4B8B1AF5000100, N'6.1.3-40302')
GO
GO
INSERT INTO [dbo].[__MigrationHistory] ([MigrationId], [ContextKey], [Model], [ProductVersion]) VALUES (N'201711111140289_v1', N'Autobots.Entities.Migrations.Configuration', 0x1F8B0800000000000400ED5D5B6FDCBA117E2FD0FFB0D8A7B6C8F1C64E13A4817D0E7CECA40D9A1BE2E4A07D0AE45DDA11A295F648DA9C18457F591FFA93FA174A4A94C4CB0C2F1257BBEB2C02045E911C7286DF0C6F43CEFFFEF3DFD39FBE2D93C957921771969E4D8F8F1E4E27249D678B38BD3D9BAECB9B1F9E4E7FFAF1F7BF3B7DBE587E9BFCD2E47BC4F2D192697136FD5C96AB67B35931FF4C965171B48CE779566437E5D13C5BCEA245363B79F8F02FB3E3E319A124A694D66472FA7E9D96F192543FE8CF8B2C9D9355B98E92D7D9822405FF4E53AE2AAA9337D19214AB684ECEA6E7EB32BBCECAE2E8392551C6A438A2A54BF2AD9C4ECE9338A20DBA22C9CD7412A5695646256DEEB38F05B92AF32CBDBD5AD10F51F2E16E4568BE9B28290867E35997DD95A387278CA35957B021355F1765B6F42478FC888B68A616EF25E8692B422AC44A52778CEB4A9067D38B287F1D7DA1BCAB753DBB4872960F1273DD3547973F1FF1E20F265AA6072D442892D8BF07938B7552AE73729692759947C983C9BBF57512CFFF4EEE3E645F487A96AE93446C2D6D2F4D933ED04FEFF26C45F2F2EE3DB9E13CBC5C4C2733B9DC4C2DD81613CAD4ECBD4CCB4727D3C91B5A79749D90160C8228AECA2C277F2529C9A3922CDE456549F294D1209538B5DA95BAD8FF4D6D147D549FA693D7D1B75724BD2D3F9F4DE99FD3C98BF81B59345F780B3EA631553F5AA8CCD7C456C92529E679BCAA61B2E1BA5E16E7F332FEDA32F5739625244A01219AE95CE48409F4BC6C085DD29F1F6226AD1EDD71912D576BFAC156EBC7D5C2B95685D29BE86B7C5B3542A1596BC474F29E245572F1395ED5E6A751914F4D961779B67C9F259DEEF1944F57D93A9F33996660F28728BF25A5DCA4D359A7D05635676486E839FB7150F4EF4AD119FEEC023C180B4F63510DB8434C45630B1053D15812D706BDCBE339C1AD1723FAA9C923B7494802ED97983EC88055342E3E4779D9D78475140E46CCA8F34C624395FE6A7D7D45F2AF54E2432955DDD62A1F99C7CB888E62EF72FA175FA83C9D4EAEE6112378304EC38D53375318660D201305590BD7767588025BD625036DD312B5D6E939A0F6395B2BB1B1FDAC5547E160ADBEAB295720B379306C1E931C4FE3A14E7470F3E26CDC4C968D93D62785728A6ED3E4E461066DA0353B98B2EFD094511BB458BC4D879AA077514E0578B08B1BB28BE7B48B10B3C80D08CFA11B9E2A41378752AAAF2934ECA4395B42AC45869D34E3C821027088A4300B2DCBB197817E9B2F48DED73C57850FC6D9A87905C9BBFA0093797CF23480C91C650C78BE8CE264E3B5BCFB9CA5E44DB6F17AE8189393A2D8783DFF24513E6CEC791DD3ECB764181166EDAF92AC3C0C84A107C2CA0A5E92B2520EC0C857E99FA45C9DA1D712B54148CFE13B0E51FE28B459E783EDEB923F9DAF56599C964B6ADBA4E108C9A20D4C583EDF4D1B6635C1B652AA74D4A8BEB23C68834DF9B4561B330F1F5D9B4E1F30C6D6240E23ADA9AE4A5043AD5B8883ABC31EF6BE5AF2D6A905B3E2DC00B7F9143B2E27C3965CC9E36BCBF97C7DF830A31A417C200AB4D32E9116B2C23214F6C64C6214B20D3A261487C87E76BAA37030D3C68DA4B85825D1DD87CADD6ED37BE265949794746D167CCD84BAFA4917A1481D2CAFB69924CDE3C24E5255FB619BCCF63220CA1CD2CF8A70F7537576BBCF8664C04E87A712BC88F3A20CB4FFE159F5AB685B35579B24F7668B641BF670D856D7C9E327A136D4A8F2DFC4F9922C8672FF2E2A8ADFB27CF1B7A8F83CC271F37C9D53134887D8E56AA43DC1F5F29AE463D615AC6B3EFC96BD88E674D87D9EB25283E9BDCAE65FB27549A7240CE11FCBB90E784702419A733E9F5333F18282992C2EB2755A0E5BF6B2B1CF62565DF56F731392203B51EAD4C469DBCA79359B44F1D2ADF14D56BCD9750E6B837936DFA6BECA6E63E43051ADA1C98A37B5CE616D2ACFE6DB5446CCADA53C27DED02A83B59D75AE4193D3666DC6E8553D649A9EBE6E2F059D17AB37A43C6A4AD793D0BB1739A549C7992F471AD90713E7C2DD44F6C47522FBE8F8FAE6D1D3C74FA2C5A3277F268F1EDFC7D571B0E342DF9913EB3E56E9C687D7AAA65FA2641DBAAA5EDA501981F0DA5091DD7D6DA89A493F7F8DAB4DC599BD4493999277CADFE0D957E794968DAD0E129B63573E8E0DE8A52E6C2C0AAF2D8CEAEE2B0B0C65302B63A80FEAB765FD9BF6EE18E2C2A36D3F90B62F3B6FDB5EA3317581A7E2627F7FE2D9BA79B89EAA4DC2812C3E33F0F3A2C8E671D52AED70AC71159799A44BF989D56FBC96B4EC794E454E2119B335036D08EDEBA90AB0B7E925494849266C938D9D1A5F44C53C5AE882A6CC2CDC5BD51E2076AD122FDBC9ADFA935619853B61EE9171C476C00AAA4C74A1ABEB469CCEE35594D864A31474542BC6735B859A724956246530B049C0A56ED927406F455B99D22336299DCE04A8591028F99AA2FD0CBBE80AC8C360A776304613C00D423314682096C6000CC4B64BBD9AE3FA56F1C2BDA66D9DABBA503B206633860AB9DCE2623B03034E16C98888937977B24F5B069B7A4114EB5DF4EE78D7BDDD45D451F086DE5F1D715844A43202E210EE5D6A6EEF8B6F0D70C29309A6DE859E5A91E156F9828D8636E83D073BFC03424D17C84848D33977021AF7E9DC0ACE20B741AC738D3E845D0F4B2E7EB64E365347F0B3693CF7429EA1FD23C0CFD0377B854161F2E30214C80D3328120107CEF197B983F1A873313224F57EDA9355A9EEB56C440D7C534641E44863B1C1A7BAA78AF4C7212497B1200889C0A5EEF6C2C6568087399462BD6DF52EEDFA5C74261F0589D6EB5916050984448B8846C0A345102E2D10EF496E059846C7220C016E5E461D0C34776519100F8F8E4C1B7A6EB7EBC6019D0BE72320CF45242ECD404F19B7013DEE16E60A03D547CC196E1B328B16E734A17D8083D428609525B60598CA22D93B807267405700A89E81BB0650C525110128F7591A05A0B2C4B6005059247B07D0DA07D4B5FF1587D05D83A7EC898AA0B376DA18059C92B8B6804D491E3B0F4DC02702EB78938384DEEB508F6F089106B78CF1E1884B69042CE29270A91C7650DB08106B071976C3919620B96E272FAFDBE81B9AAB17658C7B7B15DC5B484506237E454AF954A7984E3ABF1C755F5B5BD5E824EAF31390449D64A1211EF86954C4440B1D71FB53A32326DAE8E0441C29F0159C569E7F7729DD6C82C1349A540B25716B452324265AE8709F308D8436D05AE8680B078828B0BAF020DB5C783192E573420FB2FC768A916A6D3C2D446D84402282B180E0DE3EA72AE443DF5C556D988B2B5DCB84AC649A3D747180136819747B26B3EC220EF971404014B84797DC74D0A74B14810BFFA013979DC800C69BF71A71CEA1D37BB0D5CAF97D4FDE9553772710F5E05F7B2D5D1780D15F466A3BE63123341E1BD78C74368D7E35A6052C03CC85436B3AE0C4A148A09E37582400F85E3808B207FBE07343BA0CACEE05FA8915E26020B0611890ADE410A940C21D281551E5CC82C1CEBC51668053EF81E2018EB937653D8077A010F1E0C7AE3A1FE0C1AB2A14BB38C0E35237D9F61005FA688C2E10A7E340AF0341812B7C62EA758C6713770F09996FB1EB62723F9CF23F9E12D8E3D37383AC9C8EA046105833E9B78B0A3A4CF1394E19241EE5E843A005AD60824BA959C3D8A504EDE8FBECE90F9292B2FF8E48A96126B894F84ACA2E246057D9635F799088E43D6044429C91C10282AE71E9D2B16D6CBA6E6D0ACC800CB8EE4406124A73B7ACDD3A6BD34E67754C5BFEE1748604BF3D7D1DAD5674441182E1F22F93AB3A12EEC50F57FEB16197358DD95C92B3BAD1D7D6546679744B9454F6DADC82544F775D4665741DB17B7F178BA5960DDC284436249A2A95BD40BD139B9D8AA600FB9BAB24FA361B32BBEE64FA82B2C9869F8A63A2CF7FF59213169C384AA21CB8CB799125EB658A6F15E3A5EB5B9962F9FA8B3B0529D68748484A70A7D73DEF2571D57E75A7243CF02592123EBBD3129E311469099F755AA733A5B3B5FD730D5CDAE1860C56672857EBCA705086C83962192EFABD80B9F1E4164961DEDD06A91C544249F7540961AF298C52E0041DD4C25478338AD1DE9E9270885DA9C2E9C82EE02231B373384E913F5A2E92E29F0EEA319A7A18B7BCFAA8074ED0413D4C85BF977103D3B23E2A76500F35DD573DC2EA467FC5F8DEB5A20DF5A700B9FEE831E8A84F2648C38FED3D0563FB0E9A26A57B6A5ABDEF1A46CF405A0E5A8694DB8C8E353E7E52C7207E7F3895E19ACA5FB01649F04F1E5AD5846293B4A9F9E84EA77D475CA4D37E74A75387521389D45F3CA6CD4D283569DADC7C74A723DE121249996E0F191077B0324A7A1F2B831E64F6B6353045578B8395DE8CDD696F538A24D02B96389D30FB1B8765E5BDD433E1203B8C9AE1041DB4CC5478334A26052F92A6BF6282879A48018A243591523C867D214A9134F60BDF0F0A339AC260C7917D7445F54DF657182B85CD688D10A14724227C76A7D585DC1149755F3D27B7C0D4761B13DBDDD4B3104B0835C48D464C48F359EE8BA16EE4B5BE98E2B33D27C5B391B7E8A424DFE5138F5AA32FA178422F7A8844E11C1ECB1A2D4E8DB4B8D1523DF4568F582329B09EDC8336D06635CD43B7F5A0369296EBC97E9B04BA15EBBEEECCF80578878519CCF43B31FEC399038D5DDEE311626E48A6BAFBEC498B47D5D088F1EF3B092AD4DF6F28A8EA1B51C34085D0C0ED9014B4423643C6481B384D291285BCF83544E2C0E9F94177070082F93A0EC547752D6D183C60129B351ACDCD5D910A769B776BFDB7893E1BD85F7E7D35D631DB46FB47732055B3B4B5F32FEDEFD681943B6F4A5EA515D7CC47B4E2B6E08EA4AA37679D8505ABAFCD149D46DF1525591EB10C4757BF2617494CD8A4A9C9F03A4AE31B529475188DE9C9C3E393E9E43C89A3A276F3E57EAACFD43BE24E8EABC78F98E32A592C676A717FF75746A52816D2C6AE1EC3047EEB7584F01F3113AA350AD980481FE9D7289F7F8EF23F2CA36F7F1429B944FF928E8903D05323C75EC7E5F0A8B16C1BA9AC76CAAC91B27D433BA9A1B3BBAAC284CE81FD330FB80B8DBBE64444E05D7BBCE265BA20DFCEA6FFAA8A3C9BBCFCC7A7BAD48349752CF36CF270F2EFC1A1E3BF77C0639E977B0BF9D687D3135A75B141D8928FE6FCEA17CB0E6A043FD4E36821F37819256C9640FFAA22714D8F9F52A1D369174DF60F2D7C501F597DD0E7C0F7557D7676C4E8AF5941D4EA007C05F807D48F81FAD695B33FEA34EF4D3FF5518A1F9428A012018E957BAB4272ECD506F44E10AB8BCAC852A36FFAA94D307DE6E7B50128B56E9F0168B527E40168D51EA002307CE7DB8DF3677F12A2D3A79F71EA4A1EEC5268BB048613D957EBD43A72FAE18B171B04AEAD6D751C96A3DF9DE2621E9D7BABB7925F688855A4E416EAD509C0E440F0091D48EA006419C8464FCB31D0DC4D60F199A893A8042F4D0B7E9DC8759E9A21A87187CD1D9B926E58197CB51C5A0248B03879FCA4D7BA4270311CB2BC171D36836CB449EE9AC1963EDC5D332CBD2022D4FD32FBD3021C3171FCB930AB3A60F66F1AE071D97FCDD6F95AFA2EF89B92D5E7079397C5C734FE754D133E5069284B7F45B3868C281667C7BD9D218DB6EFE266763BE7CB008A2E7A5F7A93EB850CC063D10D19160745A084D101D139F8891D7F4ACB024F6F242E02D3DE26B47BA147779273030F1AD746CF0AFB2ADA51B05B66A2E1A2476BEAA263F66CDF5EDD910548BF519A31BDF9515A8FB264094F010694D846C8EBAE1DE2ABFD423BC4CF1B099F647C51CA058D139F7849C6E7DDF4DA762032B621BA871E9A428610861FB5DF3432B5A3AD9D5428088CD7FF22832ED559DF0C1A150350888BBE20D88811F136667B88203F7BB56DE81823C400715DA47EEB3EDEEB21C8F010EEB60720F429CFD1C08385D6D123E268D0A9BE8D821C2FF406440DFC127870D07801147BA56714C4580311ED146CA43033422BA4EFFB0E1EF313563B8C1FD42979F7164FDB03D2B8CB275F2CEDC0FAC912E24AED44BDFBEE3D84B0F734B78E1EF4D9BA5180E3140A0C0CDB25F59FF8793C20D9611C083CC697DB368320A78A4C2F708E021FF71069789825A917B534B93F1F1E1D997676C64585FD8DB22D42033DA6D8062CA0D774C2006243E60588622DB40948BD2F007379AA68C7C106BDB2B33760E3B1CD11B0F1D4FB0836EC09A31D071BF0FACBDE60AD0E568F40AD4EBC8F48431ED7D931A0D9023D22E119C1FE84FAF21EE3CBF28AD26E800B7BC76A03E0525E466AB6BDB598946A9FF2C796E46DF226E427B49D59BF8374365D5CB3AB73B583011A101DA25F6F648315D449580DF5D6BDAD0AF18C45AB444C84AAE9D2ED15895B735A456222545197EE50115E8BB10A57FA7CF9A451E7DF21DA559223E566C707A6DFA4A2B5D419EC7589BB135A5562225453976EAF481BD3B5DAB41C5095E7C5EA0D29C178C55A95C05A44AB14C863AE16898D6DAA9B4F4D8D75F33CE6BA9188D3A6BAEBB1C458759DC55C331CB418ABD852A9AD42B8323032B4EE66050486B6F862A1070A2D7BF2676D58820FB085D2E26775C2E01D0C5BF60782D8C51D866456213E1D98947C84EC6507B0D88C5D388FD0C17418267D71D0834DD53503E0D3E8BD2135589D23C8617AB70D5AC59100E1147335D01815265B52686D139B5E02EAC12274F20DF0693D200FC22C3085D00212856559D40C33D7C698A461ECF088EC4B278B18E7F8F123B447AF36780758C5CEC200869D8ECDD083338103F1B34D0076A1F560DA78820370EE7EE263DE091358D1D2764210CD1CD82E0234564068E6D1B93E122120BC509AC9B95D28E85BF79B148AB408415EB80F2F143E95B7CB047B2A7C9322119729F0A3EEC30502EC5502D2B0ED681AF63481E6434D1F4508DA4BE36DDAE9AC5EEEF10FF4A7F6A2F8E9ECFD3A65378BEB5F97A4886F3B12A794664AE6D2FE5D9BE7657A9335DB884A8B9A2CEA633674605C4465749E97F14D342F6932BB544CC79BE9A4BAA8C9AEB65F93C5CBF4EDBA5CAD4BCA32595E27D20D47B61D69AAFF74A6B5F9F46DF5A45E118205DACC985DC67E9BFEBC8E9345DBEE17C0B5258404DBE7E45778595F96EC2AEFED5D4BE98D16050B23C4C5D76ECF7E20CB554289156FD3AB883D80E0DF360ABF57E4369ADF75573E3122F68E90C57E7A1947B779B42C388DAE3CFD4931BC587EFBF1FF80808A7DD1000100, N'6.1.3-40302')
GO
GO
INSERT INTO [dbo].[__MigrationHistory] ([MigrationId], [ContextKey], [Model], [ProductVersion]) VALUES (N'201711111459347_v2', N'Autobots.Entities.Migrations.Configuration', 0x1F8B0800000000000400ED5DDB6EE4B8117D0F907F68F45312CCBA7DC92E26037B175E7B9C18998B31F62C92A781DC4DDBC2A8A55E493D6B23C897E5219F945F082951122F55BC486A75B7DD1860E016C922AB78AA782BB2FEF79FFF1EFFF4388F46DF489A85497C323ED8DB1F8F483C4D66617C7F325EE677DFBD1EFFF4E3EF7F77FC76367F1CFD52E53B62F968C9383B193FE4F9E2CD64924D1FC83CC8F6E6E1344DB2E42EDF9B26F349304B2687FBFB7F991C1C4C082531A6B446A3E34FCB380FE7A4F8417F9E25F1942CF26510BD4F6624CAF8779A725D501D7D08E6245B045372323E5DE6C96D92677B6F29893C24D91E2D9D93C77C3C3A8DC28036E89A4477E35110C7491EE4B4B96F3E67E43A4F93F8FE7A413F04D1CDD382D07C77419411CEC69B26BB2B47FB878CA34953B022355D667932F7247870C44534518BB712F4B81621156221A927C67521C893F15990BE0FBE52DED5BADE9C4529CB0789B9EC9ABDF39FF778F157232DD3AB1A221449ECDFABD1D932CA97293989C9324F83E8D5E86A791B85D3BF93A79BE42B894FE2651489ADA5EDA569D207FAE92A4D1624CD9F3E913BCEC3E56C3C9AC8E5266AC1BA9850A664EF32CE8F0EC7A30FB4F2E03622351804515CE7494AFE4A62920639995D05794ED298D1208538B5DA95BAD8FF556D147D549FC6A3F7C1E33B12DFE70F2763FAE77874113E9259F585B7E0731C52F5A385F274496C959C936C9A868B12262BAEEB323B9DE6E1B79AA99F932422410C08D14CE72C254CA0A77945E89CFEBC0999B43C297D5ECCDA52FA107C0BEF8B7E566896281F8F3E91A848CE1EC24569522AD87FA9B25CA4C9FC531235FAC453BE5C27CB74CAE49480C937417A4F72B949C7934649ADAACBC874D15DF663A7BC2F4A7919FEEC02DC19805252DDD4BFD26F44FD2BEBE0DAA0AB349C12DC2231A25FAA3C729B8424D02689E99D8C5241E3EC2148F3B666A9A1B0334C463D6612EBAAC8D7CBDB6B927EA312EF4AA9E8B65AF9C8349C077464BA4AE95F7C41F17A3CBA9E068CE0CEE0C0FADD8CE8DD341C323B9005706D578312B0654D32D0362D516B9D9E036A9FB305121BDBCE0235147616E8454D8D7A32852FC3581926239E06419D90E026C3D96099AC1527AD4FDEE414DD4EC9C9DD8C54470BB5334F2FD03C51BB329B7D8CBB9A95AB20A502DCD93A0F5B774AC58E983A6E14780EDD981409BA8993527DCD9B6167CAD9BA612D32EC4C19470311545D2485595D598EAD8CEEC77446D2B626B728BC33B846CDCB48DAD40798C183C3D73D98C141ECFADB7910462BAFE5EA2189C98764E5F5D071232559B6F27AFE4982B4DB78F23EA4D9EF493722CCDA5F4749BE1BDC044AA8E92E2CDB39C90BC00386BB48FF22E56A8CB796A80D2C7A0EDFB185F247E1CA3A146C5F93FCE574B148C2389F537B250D3148166DB0C1F2F96E98304B08B69552A52341F195E5411B6CCAA7B5DA98B9FB8859757A8771B324B11B3D4D751582EA6AB1FA38DCD9ED096F9275AE1D3430CBCC8D6A9D4FB1CD72326C9D953CBEF699CFABBB0F1DAA61C307979E76AE25D242565886C2BE94498C42B64E4769E2B0D7CEF6361476A6D7B88913668B2878BA295CC756BDC79C07694E499766A1A3C1791BCFFA22F532ACA93CDFEA7732A9DA04DBA4B3955150E67A7E9681BB47AAB3D06D360E1D76193CE17811A659DED3DE8367D5EF8275D55C6C503C9BED89CDB371B66DA6C3EF7FE86B338B2AFF5D98CEC9AC2BF7574196FD96A4B3BF05D9C30047B2D3654A4D201D36E78B81F6E396F35B920E59576F5D73F35B72114CE964E86DCC4A75A6F72E997E4D96399D6630847FCEA73AE01D09F4D29CD3E9949A890B0A66323B4B9671DE6D79CAC63E8B5975D5BFD54D487AD93152A7264EDB4BCE2BD42808E76E8DAFB2E2CD2E73581BCCB3F936F55D721F2207796A0D5556BCA9650E6B537936DFA632626E2DE539F1861619ACED2C73759A9C56EB2D46AFE821D3F4F47D7D69E5345B7C20F95E55BA9C843E5DA494261D67BEEE69645F8D9C0B3713D943D789ECD1C1EDDDD1EBEF7F0866473FFC991C7DFF1C57BCBD1DD5F9CE9C58F7B14A573EBC1635FD1244CBBEAB6AA50D8511E85F1B0AB29BAF0D4533E9E76F61B15138B197A83253F24EF92B3CFBEA9CD2B2A1D5416273E8CA87B101ADD4858D45FD6B0BA3BAF9CA024319CCCA186A83FA7559FFAABD1B86B8FED1B61D48DB969DB775AFD198BAC05371B1BFBFF06CCD3C5C4FD526E140169F19F8699625D3B0689576E055B95ECB4CD2A5FCC8EA875D4A5AF6E4A622A7900CD99A813684F6F55805D8C7F89C44242723B6C9C64E77CF826C1ACC7441536666EEADAA0F059B568997CCE456FD49AB8CC29D30D7C430603B60195526BAD0D575238CA7E122886CB2510A3AAA15E3B9AE424D39270B123318D824E052B77C76AFB7A2AE4CE9119B948E2702D42C0894FC3CD17E86DD6305E461B0533B18A309E006A1D91768209686000CC4B64BBD9A23F85AF1C23D966D9DABBA2F3B206635860AB92CE2623B7B069C2C92011127F3EE649FD60C36F51225D6BBE89DE9A67B9BCB9A83E00DBDE339E0B088486500C421DCBBD45CDF935E1BE084A7024CBD0B3D1B22C3ADF0EF1A0C6DD03B0676F8F708355D2003214DE7DC0968DCF7722D38835C01B1CE35FA05363D2CB9EDD93AD94C1DC1CFAAF1DC0A7986F60F003F43DF6C150685C98F0B5020D7CA5E910838650EBFCCED8C479D8B8121A9F7D396AC4A754F64236AE01B2D0A22071A8B0D7ED22D55A43D0E21B90C054148042E75D7172BD6023CCCA114EB6DAB7769D3E7A283F82048B45EA3B228484F48B48868003C5A04E1D202F18EE25A8069742CC210E0E665D4C04073579601B1BFB767DAD073BB05370CE85C381F00792E227169067ACAB80EE871B7305718A83E62CE705B9159B438A709ED031CA40601AB2CB135C05416C9D601943B03BA0240F50CDC34802A2E890840B9CFD220009525B60680CA22D93A80963EA0AEFDAF38846E1A3C654F54049DA5D3C620E094C4B5066C4AF2D87868023E1158C79B1C24F45E877A7C458834B8650C0F475C4A03601197844BE5B083DA4A80583AC8B01B8EB40449753B797E5B4787D05CBD2863DCDB2BE3DE422A3218F16B92CBA73AD978D4F8E5A8FBDADAAA4627519E9F8024CA240B0DF1C04FA322265AE888DB9F1A1D31D1460727E24881AFE0B4F2FCBB4BE96A130CA651A55A28895B2B1A2131D14287FB846924B481D642475B38404481D58507D9EAC28B912C9F137A90E5B7538C544BE369216A230412118C0504F7FA7952211FFA86A96AC35C5CE96A266425D3ECA18B039C40CBA0DB1399651771C80FF301A2C03DBAE4A6833E5DA2085CF8079DB8EC443A305EBD9588730E9DDE83AD56CEEF5BF2AE9CBA3B81A805FFDA8BE2BA008CFE3252DB318F19A1F1D8B866A4B36AF4ABB11C6019602E1C5AD301270E4502E5BCC12201C0F7C241902DD8079F10D26560752FD04FAC100703810DC3806C25874805126E47A9882A67160C76E68D32039C7A77140F70CCBD2AEB01BCED8488073F76D5F9000F5E55A1D8C5011E97BAC9B68528D047637481381D077A1D080A5CE11353AF633C9BB85B48C87C8B5D1793FBE194FFF194C01E9F9E1B64E574043580C0AA49BF5D54D0618ACF714A27F128471F022D6805D3BB94AA358C5D4AD08EBECF9E7E272929FBEF88942A667A97125F49D98504EC2A7BEC2B771291BC078C488833D25940D0352E5D3AB68D4DD7AD4D81199001D79DC89E8452DD2DABB7CEEAB4E3491973957F389E20C1598FDF078B051D518460ADFCCBE8BA8CD47AF6DDB57FECD27949633295E4AC6EF4D535E5491ADC132595564D5B5A3CDD751EE4C16DC0EEFD9DCDE65A3670A310D990A8AA54F602F54EAC762AAA02EC6FAE92E8DB6CC8ECBA91E90565930D3F05C7449FFFEA25472C786E1005297097F32C8996F318DF2AC64B97B732C5F2E517770A52EC0C919094E04EAF79DE4BE2AAFEEA4E4978E04B24257C76A7253C6328D2123EEBB48E274A676BFBE71AB8B4C30D19ACCE502ED695FD411922E78865B8E84B0173E5C92D92C2BCBB0D52D9A98492EEA912C25E533F4A811374500B53E1D528467D7B4AC22176A50AA723BB808BC4CCCEE13845FEB8B8488A7FDAA9C760EA61DCF26AA31E384107F530157E29E306A6656D546CA71E6ABAAF7AF4AB1BED15E3A56B451D3A4F0172F9D163D0519F4C90861FDB7B0AC6F6ED344D4AF7D4B472DFB51F3D0369396819526E353A56F9F8491D83F8FDE154BA6B2A7FC15A24C13F79685515064DD2A6EAA33B9DFA1D71914EFDD19D4E19C64C24527EF198365761CCA46973F5D19D8E784B482465BA3D6440DCCECA28E96DAC0C7A90D9DAD6C0145D2D0E567A3576A7BE4D299240AF58E274FAD9DFD82D2B9FA59E0907D9FDA8194ED041CB4C8557A36452402269FA2B2678A889147448521329C563D817220F4963BFF07DA73083290C761CD9465754DF647F85B152588DD608117A4422C267775A4DC81D9154F3D573720B4C6DD731B1DD4C3DEB6309A186B8D18809693ECB7D31D48DBCD617537CB6E7A47836F2169D94E4BB7CE2516BF425144F68450F91289CC36359A3C5A99116375AAA87DEEA116B2405D6935BD006DAACA679E8B61ED446D2723DD96F9340B762CDD78D19BF00EFB07E0633FD4E8CFF70E6406393F77884981B92A96E3E7BD2E251353462FCFB46820AF5F7EB0AAAF2465437502134703B2405AD90CD9031D2064E538A44212F7E0D9138707A7ED0DD008060BE8E5DF1515C4BEB060F98C46A8D46757357A482DDE65D5BFFADA2CF3AF6975F5F0D75CCB6D2FED11C48D52C75EDFC4BFDBB7620E5CE9B925769C135F3112DB8CDB823A9EACD59666141E54B3345A7D14F594EE67B2CC3DEF5AFD15914123669AA32BC0FE2F08E64791946637CB87F70381E9D466190956EBEDC4FF58D7A47DCC971F5E08839AE92D97CA216F7777F6554B26C266DECEA314CE0B75E0708FF1132A15AA3907588F4117F0BD2E94390FE611E3CFE51A4E412FD4B3A26EE819E1A39F636CCBB478D65DB48792F91B11D293947C681DD2F77B0EA1B56D58187C0BBF636C5653C238F27E37F1545DE8C2EFFF1A52CF56A549CBABC19ED8FFEDD39DAFB33C733E637B9B588AE3D303D915316EB041DF960CDAF7EB16CA746F023398E16320DE741C4C678FA5711476B7CF09A0A9D4E9A68B27F60E017A61DE85BDDDBAA1D1B6BEFDB2B4E2F5AF3D270BD03F510A0AEDD28DB834AF39CF4D30EA5F84E47DC7504F059DC5A0D91C39A56987642505954068E1AD8D24F2B7A53577E14DA03A5DAA3B2075AF5E1730FB44AE74A0118BE93E1CAAFB23D09D19FD2CFF634257766C7D3EC808138B6D5F8D42E907EF0E1C53A61676DBB08BBA5E073D34BCCD5716BD5527298EC630527F94B76EC4ED159B223A9178653A387E110606D6697F834D149548277A2059E4EE41A0FC53EA87147C50D9B2F6E16D6C1F9B91EA0BEC5A45F70ADEBB2B4161D157BD9C392DC147B5B977037C57EE9F52242DD1FB13D2DC00111C79F0BB3AAE361FBA6019E86ED17548D8FA1EF6ABC2A597C7E35BACC3EC7E1AF4B9A7043A5A1ACCB15CDEA32A2589CFCB6760234D8A6889BD96D9C0E7B5074D1EBD09B5C2B64009E7A6EC8B038E601258C8E77CE413FECF8535AD6F3F446E2A267DAEB84762BF4E8CE616EE041E3B9E859611F3D3B0A36CB4C545CB4684D5974C89E6DDBAB1BB20069374A33A6573F4AEBD1852C6119C0400AEB08F5DCB4437CAD5E6887F8792561838C2F29B9A071E41327C8F8AC995EDB0644843644B5D04332C810C2F0A3F69B46A67430B593EA0B02C3F5BFC8A04B75D6B77206C50014DAA12D08566244BC8DD91622C8CF5EAD1B3AC6C828403C13A9DF9A8FCF7A08323C00BBEE01087DC27230F0602165F448301A748A6F8320C70BBD3DA2067E01BB77D07801147B9D6610C45803F06C146CA4F02A422BA4EFDB0E1EF3D34D1B8C1FD4DF77F3164FEB03D2B0CB275F2C6DC0FAC912DA49ED44BDFB9E3D84B07724D78E1EF4B9B64180E314020B0C5725F59FF8793820D961DC13788C2F96AD06414E15995E9E1C043EEEA1C1F0F0423E41EFF7F7F64C3B3BC3A2C2FE36D71AA1B1D6B0F32E61D0FA01C48A63CE0BD19B853601A9CF05602E4FF46C38D8A0D765B6066C3CA63702369EFA1CC1863DDDB3E160035E3DD91AAC9541DA11A89589CF1169C8A3321B06345B8043242C21D89F505F3E637C595E0FDA0C7061EF37AD005CCA8B40D5B6B7168B51ED53FEC890BC4D5E85BA84B633CBF77F4EC6B35B76AFAD743040038143F4CB8D6CB0823209AB81C78BB754219EB16895888950354DBABD22716B4EAB484C842A6AD21D2AC26B3156E14A9F2F9F34EAFC3B44BB4872A45CEDF8C0F4AB54B4963283BD2E717742AB4A4C846A6AD2ED156963BA569B9603AAF2345B7C203918A757AB12588B68950279CCD52231A14D75F3A9A9B16E9EC75C371269D95477399618AB2EB3986B8683F562155B2AB5550857064644D6DDAC8080C8165F2CF440A1664FFEAC0D4BF001B6505AFCAC4E18BC8340CBFE4010BBB8C390CC2AC4A70393928F90BD6C0716ABB10BE7113A98EE87495F1CB4605375CD00F8347A6F480D56E7087278DA75835671244038C55C0D344685C9961452DAC4A697805AB0089D7C037C5A0FC87B61169842688178FA6559D40C33D7C6589CFDD8E101D9974E1631CEF1E347688F5E6DF006B08A9D85010C3B1D9BA107670207E2679B00EC426BC1B4F10407E0DCFDC4C7BC1326B0A2A56D8420AA39B05D04E81BF97D338FCEF59197F1FB174A3539B70B057DE37D9542911621C8CBEEFD0B854FE5ED32C19EC85EA548C4650AFC98797781007B9580346C3B9A863D4DA0F950D3071182F6C2769D763C29977BFC03FDA9BDA47D3CF9B48CD9CDE2F2D739C9C2FB86C431A51993A9B47F57E7B98CEF926A1B51695195457D8A860E8CB3200F4ED33CBC0BA6394D66978AE978331E151735D9D5F65B32BB8C3F2EF3C532A72C93F96D24DD7064DB91A6FA8F275A9B8F3F16CFD9657DB0409B19B2CBD81FE39F976134ABDB7D015C5B4248B07D4E7E8597F565CEAEF2DE3FD5943E68D19F30425C7CF5F6EC0D992F224A2CFB185F07EC0104FFB651F8BD23F7C1F4A9B9F28911B177842CF6E3F330B84F8379C66934E5E94F8AE1D9FCF1C7FF03B882786C69FE0000, N'6.1.3-40302')
GO
GO
INSERT INTO [dbo].[__MigrationHistory] ([MigrationId], [ContextKey], [Model], [ProductVersion]) VALUES (N'201711111500564_v3', N'Autobots.Entities.Migrations.Configuration', 0x1F8B0800000000000400ED5D5B6FDCBA117E2FD0FFB0D8A7B6C8F1C64E13A4817D0E7CECA40D9A1BE2E4A07D0AE45DDA11A295F648DA9C18457F591FFA93FA174A4A94C4CB0C2F1257BBEB2C02045E911C7286DF0C6F43CEFFFEF3DFD39FBE2D93C957921771969E4D8F8F1E4E27249D678B38BD3D9BAECB9B1F9E4E7FFAF1F7BF3B7DBE587E9BFCD2E47BC4F2D192697136FD5C96AB67B35931FF4C965171B48CE779566437E5D13C5BCEA245363B79F8F02FB3E3E319A124A694D66472FA7E9D96F192543FE8CF8B2C9D9355B98E92D7D9822405FF4E53AE2AAA9337D19214AB684ECEA6E7EB32BBCECAE2E8392551C6A438A2A54BF2AD9C4ECE9338A20DBA22C9CD7412A5695646256DEEB38F05B92AF32CBDBD5AD10F51F2E16E4568BE9B28290867E35997DD95A387278CA35957B021355F1765B6F42478FC888B68A616EF25E8692B422AC44A52778CEB4A9067D38B287F1D7DA1BCAB753DBB4872960F1273DD3547973F1FF1E20F265AA6072D442892D8BF07938B7552AE73729692759947C983C9BBF57512CFFF4EEE3E645F487A96AE93446C2D6D2F4D933ED04FEFF26C45F2F2EE3DB9E13CBC5C4C2733B9DC4C2DD81613CAD4ECBD4CCB4727D3C91B5A79749D90160C8228AECA2C277F2529C9A3922CDE456549F294D1209538B5DA95BAD8FF4D6D147D549FA693D7D1B75724BD2D3F9F4DE99FD3C98BF81B59345F780B3EA631553F5AA8CCD7C456C92529E679BCAA61B2E1BA5E16E7F332FEDA32F5739625244A01219AE95CE48409F4BC6C085DD29F1F6226AD1EDD71912D576BFAC156EBC7D5C2B95685D29BE86B7C5B3542A1596BC474F29E245572F1395ED5E6A751914F4D961779B67C9F259DEEF1944F57D93A9F33996660F28728BF25A5DCA4D359A7D05635676486E839FB7150F4EF4AD119FEEC023C180B4F63510DB8434C45630B1053D15812D706BDCBE339C1AD1723FAA9C923B7494802ED97983EC88055342E3E4779D9D78475140E46CCA8F34C624395FE6A7D7D45F2AF54E2432955DDD62A1F99C7CB888E62EF72FA175FA83C9D4EAEE6112378304EC38D53375318660D201305590BD7767588025BD625036DD312B5D6E939A0F6395B2BB1B1FDAC5547E160ADBEAB295720B379306C1E931C4FE3A14E7470F3E26CDC4C968D93D62785728A6ED3E4E461066DA0353B98B2EFD094511BB458BC4D879AA077514E0578B08B1BB28BE7B48B10B3C80D08CFA11B9E2A41378752AAAF2934ECA4395B42AC45869D34E3C821027088A4300B2DCBB197817E9B2F48DED73C57850FC6D9A87905C9BBFA0093797CF23480C91C650C78BE8CE264E3B5BCFB9CA5E44DB6F17AE8189393A2D8783DFF24513E6CEC791DD3ECB764181166EDAF92AC3C0C84A107C2CA0A5E92B2520EC0C857E99FA45C9DA1D712B54148CFE13B0E51FE28B459E783EDEB923F9DAF56599C964B6ADBA4E108C9A20D4C583EDF4D1B6635C1B652AA74D4A8BEB23C68834DF9B4561B330F1F5D9B4E1F30C6D6240E23ADA9AE4A5043AD5B8883ABC31EF6BE5AF2D6A905B3E2DC00B7F9143B2E27C3965CC9E36BCBF97C7DF830A31A417C200AB4D32E9116B2C23214F6C64C6214B20D3A261487C87E76BAA37030D3C68DA4B85825D1DD87CADD6ED37BE265949794746D167CCD84BAFA4917A1481D2CAFB69924CDE3C24E5255FB619BCCF63220CA1CD2CF8A70F7537576BBCF8664C04E87A712BC88F3A20CB4FFE159F5AB685B35579B24F7668B641BF670D856D7C9E327A136D4A8F2DFC4F9922C8672FF2E2A8ADFB27CF1B7A8F83CC271F37C9D53134887D8E56AA43DC1F5F29AE463D615AC6B3EFC96BD88E674D87D9EB25283E9BDCAE65FB27549A7240CE11FCBB90E784702419A733E9F5333F18282992C2EB2755A0E5BF6B2B1CF62565DF56F731392203B51EAD4C469DBCA79359B44F1D2ADF14D56BCD9750E6B837936DFA6BECA6E63E43051ADA1C98A37B5CE616D2ACFE6DB5446CCADA53C27DED02A83B59D75AE4193D3666DC6E8553D649A9EBE6E2F059D17AB37A43C6A4AD793D0BB1739A549C7992F471AD90713E7C2DD44F6C47522FBE8F8FAE6D1D3C74FA2C5A3277F268F1EDFC7D571B0E342DF9913EB3E56E9C687D7AAA65FA2641DBAAA5EDA501981F0DA5091DD7D6DA89A493F7F8DAB4DC599BD4493999277CADFE0D957E794968DAD0E129B63573E8E0DE8A52E6C2C0AAF2D8CEAEE2B0B0C65302B63A80FEAB765FD9BF6EE18E2C2A36D3F90B62F3B6FDB5EA3317581A7E2627F7FE2D9BA79B89EAA4DC2812C3E33F0F3A2C8E671D52AED70AC71159799A44BF989D56FBC96B4EC794E454E2119B335036D08EDEBA90AB0B7E925494849266C938D9D1A5F44C53C5AE882A6CC2CDC5BD51E2076AD122FDBC9ADFA935619853B61EE9171C476C00AAA4C74A1ABEB469CCEE35594D864A31474542BC6735B859A724956246530B049C0A56ED927406F455B99D22336299DCE04A8591028F99AA2FD0CBBE80AC8C360A776304613C00D423314682096C6000CC4B64BBD9AE3FA56F1C2BDA66D9DABBA503B206633860AB9DCE2623B03034E16C98888937977B24F5B069B7A4114EB5DF4EE78D7BDDD45D451F086DE5F1D715844A43202E210EE5D6A6EEF8B6F0D70C29309A6DE859E5A91E156F9828D8636E83D073BFC03424D17C84848D33977021AF7E9DC0ACE20B741AC738D3E845D0F4B2E7EB64E365347F0B3693CF7429EA1FD23C0CFD0377B854161F2E30214C80D3328120107CEF197B983F1A873313224F57EDA9355A9EEB56C440D7C534641E44863B1C1A7BAA78AF4C7212497B1200889C0A5EEF6C2C6568087399462BD6DF52EEDFA5C74261F0589D6EB5916050984448B8846C0A345102E2D10EF496E059846C7220C016E5E461D0C34776519100F8F8E4C1B7A6EB7EBC6019D0BE72320CF45242ECD404F19B7013DEE16E60A03D547CC196E1B328B16E734A17D8083D428609525B60598CA22D93B807267405700A89E81BB0650C525110128F7591A05A0B2C4B6005059247B07D0DA07D4B5FF1587D05D83A7EC898AA0B376DA18059C92B8B6804D491E3B0F4DC02702EB78938384DEEB508F6F089106B78CF1E1884B69042CE29270A91C7650DB08106B071976C3919620B96E272FAFDBE81B9AAB17658C7B7B15DC5B484506237E454AF954A7984E3ABF1C755F5B5BD5E824EAF31390449D64A1211EF86954C4440B1D71FB53A32326DAE8E0441C29F0159C569E7F7729DD6C82C1349A540B25716B452324265AE8709F308D8436D05AE8680B078828B0BAF020DB5C783192E573420FB2FC768A916A6D3C2D446D84402282B180E0DE3EA72AE443DF5C556D988B2B5DCB84AC649A3D747180136819747B26B3EC220EF971404014B84797DC74D0A74B14810BFFA013979DC800C69BF71A71CEA1D37BB0D5CAF97D4FDE9553772710F5E05F7B2D5D1780D15F466A3BE63123341E1BD78C74368D7E35A6052C03CC85436B3AE0C4A148A09E37582400F85E3808B207FBE07343BA0CACEE05FA8915E26020B0611890ADE410A940C21D281551E5CC82C1CEBC51668053EF81E2018EB937653D8077A010F1E0C7AE3A1FE0C1AB2A14BB38C0E35237D9F61005FA688C2E10A7E340AF0341812B7C62EA758C6713770F09996FB1EB62723F9CF23F9E12D8E3D37383AC9C8EA046105833E9B78B0A3A4CF1394E19241EE5E843A005AD60824BA959C3D8A504EDE8FBECE90F9292B2FF8E48A96126B894F84ACA2E246057D9635F799088E43D6044429C91C10282AE71E9D2B16D6CBA6E6D0ACC800CB8EE4406124A73B7ACDD3A6BD34E67754C5BFEE1748604BF3D7D1DAD5674441182E1F22F93AB3A12EEC50F57FEB16197358DD95C92B3BAD1D7D6546679744B9454F6DADC82544F775D4665741DB17B7F178BA5960DDC284436249A2A95BD40BD139B9D8AA600FB9BAB24FA361B32BBEE64FA82B2C9869F8A63A2CF7FF59213169C384AA21CB8CB799125EB658A6F15E3A5EB5B9962F9FA8B3B0529D68748484A70A7D73DEF2571D57E75A7243CF02592123EBBD3129E311469099F755AA733A5B3B5FD730D5CDAE1860C56672857EBCA705086C83962192EFABD80B9F1E4164961DEDD06A91C544249F7540961AF298C52E0041DD4C25478338AD1DE9E9270885DA9C2E9C82EE02231B373384E913F5A2E92E29F0EEA319A7A18B7BCFAA8074ED0413D4C85BF977103D3B23E2A76500F35DD573DC2EA467FC5F8DEB5A20DF5A700B9FEE831E8A84F2648C38FED3D0563FB0E9A26A57B6A5ABDEF1A46CF405A0E5A8694DB8C8E353E7E52C7207E7F3895E19ACA5FB01649F04F1E5AD5846293B4A9F9E84EA77D475CA4D37E74A75387521389D45F3CA6CD4D283569DADC7C74A723DE121249996E0F191077B0324A7A1F2B831E64F6B6353045578B8395DE8CDD696F538A24D02B96389D30FB1B8765E5BDD433E1203B8C9AE1041DB4CC5478334A26052F92A6BF6282879A48018A243591523C867D214A9134F60BDF0F0A339AC260C7917D7445F54DF657182B85CD688D10A14724227C76A7D585DC1149755F3D27B7C0D4761B13DBDDD4B3104B0835C48D464C48F359EE8BA16EE4B5BE98E2B33D27C5B391B7E8A424DFE5138F5AA32FA178422F7A8844E11C1ECB1A2D4E8DB4B8D1523DF4568F582329B09EDC8336D06635CD43B7F5A0369296EBC97E9B04BA15EBBEEECCF80578878519CCF43B31FEC399038D5DDEE311626E48A6BAFBEC498B47D5D088F1EF3B092AD4DF6F28A8EA1B51C34085D0C0ED9014B4423643C6481B384D291285BCF83544E2C0E9F94177070082F93A0EC547752D6D183C60129B351ACDCD5D910A769B776BFDB7893E1BD85F7E7D35D631DB46FB47732055B3B4B5F32FEDEFD681943B6F4A5EA515D7CC47B4E2B6E08EA4AA37679D8505ABAFCD149D46DF1525591EB10C4757BF2617494CD8A4A9C9F03A4AE31B529475188DE9C9C3E393E9E43C89A3A276F3E57EAACFD43BE24E8EABC78F98E32A592C676A717FF75746A52816D2C6AE1EC3047EEB7584F01F3113AA350AD980481FE9D7289F7F8EF23F2CA36F7F1429B944FF928E8903D05323C75EC7E5F0A8B16C1BA9AC76CAAC91B27D433BA9A1B3BBAAC284CE81FD330FB80B8DBBE64444E05D7BBCE265BA20DFCEA6FFAA8A3C9BBCFCC7A7BAD48349752CF36CF270F2EFC1A1E3BF77C0639E977B0BF9D687D3135A75B141D8928FE6FCEA17CB0E6A043FD4E36821F37819256C9640FFAA22714D8F9F52A1D369174DF60F2D7C501F597DD0E7C0F7557D7676C4E8AF5941D4EA007C05F807D48F81FAD695B33FEA34EF4D3FF5518A1F9428A012018E957BAB4272ECD506F44E10AB8BCAC852A36FFAA94D307DE6E7B50128B56E9F0168B527E40168D51EA002307CE7DB8DF3677F12A2D3A79F71EA4A1EEC5268BB048613D957EBD43A72FAE18B171B04AEAD6D751C96A3DF9DE2621E9D7BABB7925F688855A4E416EAD509C0E440F0091D48EA006419C8464FCB31D0DC4D60F199A893A8042F4D0B7E9DC8759E9A21A87187CD1D9B926E58197CB51C5A0248B03879FCA4D7BA4270311CB2BC171D36836CB449EE9AC1963EDC5D332CBD2022D4FD32FBD3021C3171FCB930AB3A60F66F1AE071D97FCDD6F95AFA2EF89B92D5E7079397C5C734FE754D133E5069284B7F45B3868C281667C7BD9D218DB6EFE266763BE7CB008A2E7A5F7A93EB850CC063D10D19160745A084D101D139F8891D7F4ACB024F6F242E02D3DE26B47BA147779273030F1AD746CF0AFB2ADA51B05B66A2E1A2476BEAA263F66CDF5EDD910548BF519A31BDF9515A8FB264094F010694D846C8EBAE1DE2ABFD423BC4CF1B099F647C51CA058D139F7849C6E7DDF4DA762032B621BA871E9A428610861FB5DF3432B5A3AD9D5428088CD7FF22832ED559DF0C1A150350888BBE20D88811F136667B88203F7BB56DE81823C400715DA47EEB3EDEEB21C8F010EEB60720F429CFD1C08385D6D123E268D0A9BE8D821C2FF406440DFC127870D07801147BA56714C4580311ED146CA43033422BA4EFFB0E1EF313563B8C1FD42979F7164FDB03D2B8CB275F2CEDC0FAC912E24AED44BDFBEE3D84B0F734B78E1EF4D9BA5180E3140A0C0CDB25F59FF8793C20D9611C083CC697DB368320A78A4C2F708E021FF71069789825A917B534B93F1F1E1D997676C64585FD8DB22D42033DA6D8062CA0D774C2006243E60588622DB40948BD2F007379AA68C7C106BDB2B33760E3B1CD11B0F1D4FB0836EC09A31D071BF0FACBDE60AD0E568F40AD4EBC8F48431ED7D931A0D9023D22E119C1FE84FAF21EE3CBF28AD26E800B7BC76A03E0525E466AB6BDB598946A9FF2C796E46DF226E427B49D59BF8374365D5CB3AB73B583011A101DA25F6F648315D449580DF5D6BDAD0AF18C45AB444C84AAE9D2ED15895B735A456222545197EE50115E8BB10A57FA7CF9A451E7DF21DA559223E566C707A6DFA4A2B5D419EC7589BB135A5562225453976EAF481BD3B5DAB41C5095E7C5EA0D29C178C55A95C05A44AB14C863AE16898D6DAA9B4F4D8D75F33CE6BA9188D3A6BAEBB1C458759DC55C331CB418ABD852A9AD42B8323032B4EE66050486B6F862A1070A2D7BF2676D58820FB085D2E26775C2E01D0C5BF60782D8C51D866456213E1D98947C84EC6507B0D88C5D388FD0C17418267D71D0834DD53503E0D3E8BD2135589D23C8617AB70D5AC59100E1147335D01815265B52686D139B5E02EAC12274F20DF0693D200FC22C3085D00212856559D40C33D7C698A461ECF088EC4B278B18E7F8F123B447AF36780758C5CEC200869D8ECDD083338103F1B34D0076A1F560DA78820370EE7EE263DE091358D1D2764210CD1CD82E0234564068E6D1B93E122120BC509AC9B95D28E85BF79B148AB408415EB80F2F143E95B7CB047B2A7C9322119729F0A3EEC30502EC5502D2B0ED681AF63481E6434D1F4508DA4BE36DDAE9AC5EEEF10FF4A7F6A2F8E9ECFD3A65378BEB5F97A4886F3B12A794664AE6D2FE5D9BE7657A9335DB884A8B9A2CEA633674605C4465749E97F14D342F6932BB544CC79BE9A4BAA8C9AEB65F93C5CBF4EDBA5CAD4BCA32595E27D20D47B61D69AAFF74A6B5F9F46DF5A45E118205DACC985DC67E9BFEBC8E9345DBEE17C0B5258404DBE7E45778595F96EC2AEFED5D4BE98D16050B23C4C5D76ECF7E20CB554289156FD3AB883D80E0DF360ABF57E4369ADF75573E3122F68E90C57E7A1947B779B42C388DAE3CFD4931BC587EFBF1FF80808A7DD1000100, N'6.1.3-40302')
GO
GO
INSERT INTO [dbo].[__MigrationHistory] ([MigrationId], [ContextKey], [Model], [ProductVersion]) VALUES (N'201711132101262_v1', N'Autobots.Entities.Migrations.Configuration', 0x1F8B0800000000000400ED5D6D6FDCB811FE5EA0FF61B19FDA22E78D9DDE210DEC3BF8ECA4359A37C4C9A1FD14C8BBB423442BED49DA5C8CA2BFAC1FFA93FA174A4A94C49719BE485CEDAEB30810784572C8193E337C1B72FEF79FFF9EFEF475994CBE90BC88B3F46C7A7CF4783A21E93C5BC4E9DDD9745DDE7EF774FAD38FBFFFDDE9F3C5F2EBE49726DF13968F964C8BB3E9A7B25C3D9BCD8AF927B28C8AA3653CCFB322BB2D8FE6D972162DB2D9C9E3C77F991D1FCF082531A5B42693D377EBB48C97A4FA417F5E64E99CACCA7594BCCA162429F8779A725D519DBC8E96A458457372363D5F97D94D561647CF29893226C5112D5D92AFE574729EC4116DD035496EA793284DB3322A69739F7D28C8759967E9DDF58A7E8892F7F72B42F3DD464941381BCFBAECAE1C3D3E611CCDBA820DA9F9BA28B3A527C1E3275C4433B5782F414F5B1152215692BA675C57823C9B5E44F9ABE833E55DADEBD94592B37C9098EBAE39BAFCF988177F34D1323D6A214291C4FE3D9A5CAC93729D93B394ACCB3C4A1E4DDEAE6F9278FE7772FF3EFB4CD2B3749D24626B697B699AF4817E7A9B672B9297F7EFC82DE7E16A319DCCE47233B5605B4C2853B37795964F4EA693D7B4F2E826212D1804515C97594EFE4A5292472559BC8DCA92E429A3412A716AB52B75B1FF9BDA28FAA83E4D27AFA2AF2F497A577E3A9BD23FA79317F157B268BEF0167C4863AA7EB45099AF89AD924B52CCF37855C364C3755D15E7F332FED232F5739625244A01219AE95CE48409F4BC6C085DD29FEF6326AD1EDD71912D576BFAC156EB87D5C2B95685D2EBE84B7C573542A1596BC474F28E245572F1295ED5E6A751918F4D961779B67C97259DEEF1948FD7D93A9F33996660F2FB28BF23A5DCA4D359A7D05635676486E839FB7150F46F4AD119FEEC023C180B4F63510DB8434C45630B1053D15812D706BDCDE339C1AD1723FAB1C923B7494802ED97983EC88055342E3E4579D9D78475140E46CCA8F34C624395FE7A7D734DF22F54E2432955DDD62A1F99C7CB888E626F73FA175FA83C9D4EAEE7112378304EC38D53375318660D201305590BD7767588025BD625036DD312B5D6E939A0F6395B2BB1B1FDAC5547E160ADBEA9295720B379306C1E931C4FE3A14E7470F3E26CDC4C968D93D62785728A6ED3E4E461066DA0353B98B21D316557F32CBD48A2A2785046935ABBC5E24D3AD4D8BD8D72DA55070BBC210B7C4EBB0831C0DC54F11CBA89AB1274C32BA5FA1A5DC39E9DB3CDC55A64D8B3338E51220087480A1B0B6439F61A0ADEE40B92F71D08AAC28761C0A87905C9BBFA0093797CF23480C91C65B479BE8CE264E3B5BCFD94A5E475B6F17AE81893931146CE7F92281F36F6BC8A69F63B328C08B3F6D749561E06C2D0036165052F4959290760E4ABF48F52AECED06B89DA20A4E7F01D87287F14DAACF3C1F675C91FCF57AB2C4ECB25B56DD2708464D106262C9FEFF610B39A605B29553A6A545F591EB4C1A67C5AAB8D99878FAE4DA70F18636B128791D6545725A8A1D62DC411D961B77C5F2D79EB3E8359716E80DB7C8A1D9793614BAEE4F1B5E57CBE3E7C98518D203E1005DAD397480B5961190ABB7026310AD9061D488A43643F3BDD51389869E346525CAC92E8FE7DE5D8B7E9DDF732CA4B4ABA360BBE66425DFDA48B50A40E9657DB4C92E6716127A9AAFDB04D667B1910650EE96745B8A3AB3ABBDD67433260A7C353095EC4795106DAFFF0ACFA65B4AD9AAB4D9207B345B20D7B386CABEBE4FB1F426DA851E5BF8DF325590CE5FE6D5414BF65F9E26F51F1698483EDF93AA726900EB1CBD5487B82EBE50DC9C7AC2B58D7BCFF2D7B11CDE9B0FB3C65A506D37B99CD3F67EB924E4918C23F94731DF08E048234E77C3EA766E2050533595C64EBB41CB6EC65639FC5ACBAEADFE626244176A2D4A989D3B695F36A3689E2A55BE39BAC78B3EB1CD606F36CBE4D7D99DDC5C861A25A4393156F6A9DC3DA549ECDB7A98C985B4B794EBCA155066B3BEB5C8326A7CDDA8CD1AB7AC8343D7DD55E3F3A2F56AF4979D494AE27A1F72F724A938E339F8F34B28F26CE85BB89EC89EB44F6C9F1CDED93A7DFFF102D9EFCF067F2E4FB87B83A0E765CE83B7362DDC72ADDF8F05AD5F44B94AC4357D54B1B2A23105E1B2AB2BBAF0D5533E9E72F71B5A938B397683253F24EF91B3CFBEA9CD2B2B1D5416273ECCAC7B101BDD4858D45E1B58551DD7D6581A10C66650CF541FDB6AC7FD3DE1D435C78B4ED07D2F665E76DDB6B34A62EF0545CECEF8F3C5B370FD753B5493890C567067E5E14D93CAE5AA51D8E354EE9329374293FB17AA8D792967DDCA9C8292463B666A00DA17D3D5501F626BD240929C9846DB2B153E38BA898470B5DD09499857BABDA03C4AE55E2B53EB9557FD22AA37027CC3D328ED80E584195892E7475DD88D379BC8A129B6C94828E6AC5786EAB50532EC98AA40C063609B8D42DFB04E8AD682B537AC426A5D39900350B02255F53B49F61175D017918ECD40EC66802B8416886020DC4D2188081D876A957735CDF2A5EB8D7B4AD7355176A07C46CC65021D7685C6C6760C0C92219117132EF4EF669CB6053AFA262BD8BDE52EFBAB7BBF23A0ADED09BB2230E8B885446401CC2BD4BCDEDCDF4AD014E789CC1D4BBD0A32E32DC2A5FB0D1D006BD1C61877F40A8E9021909693AE74E40E33E9D5BC119E4368875AED187B0EB61C9C5CFD6C966EA087E368DE75EC833B47F04F819FA66AF30284C7E5C8002B961064522E0C039FE3277301E752E4686A4DE4F7BB22AD5BD968DA8816FCA28881C692C36F854F75491FE3884E43216042111B8D4DD5ED8D80AF0308752ACB7ADDEA55D9F8BCEE4A320D17A3DCBA22081906811D10878B408C2A505E23DC9AD00D3E8588421C0CDCBA88381E6AE2C03E2F1D1916943CFED76DD38A073E17C04E4B988C4A519E829E336A0C7DDC25C61A0FA8839C36D4366D1E29C26B40F70901A05ACB2C4B6005359247B0750EE0CE80A00D53370D700AAB8242200E53E4BA3005496D816002A8B64EF005AFB80BAF6BFE210BA6BF0943D511174D64E1BA3805312D716B029C963E7A109F844601D6F7290D07B1DEAF10D21D2E096313E1C71298D80455C122E95C30E6A1B0162ED20C36E38D21224D7EDE4E54D1BE74373F5A28C716FAF827B0BA9C860C4AF49299FEA14D349E797A3EE6B6BAB1A9D447D7E0292A8932C34C4033F8D8A9868A1236E7F6A74C4441B1D9C882305BE82D3CAF3EF2EA59B4D309846936AA1246EAD6884C4440B1DEE13A691D0065A0B1D6DE100110556171E649B0B2F46B27C4EE84196DF4E3152AD8DA785A88D104844301610DCDB875B857CE8EBAEAA0D7371A56B9990954CB3872E0E70022D836ECF64965DC4213F0E088802F7E8929B0EFA74892270E11F74E2B21319C078F35E23CE39747A0FB65A39BFEFC9BB72EAEE04A21EFC6BEFB2EB0230FACB486DC73C6684C663E39A91CEA6D1AF46CF806580B970684D079C381409D4F3068B0400DF0B0741F6601F7C6E489781D5BD403FB1421C0C04360C03B2951C221548B803A522AA9C5930D89937CA0C70EA3D503CC031F7A6AC07F00E14221EFCD855E7033C785585621707785CEA26DB1EA2401F8DD105E2741CE875202870854F4CBD8EF16CE2EE2121F32D765D4CEE8753FEC753027B7C7A6E9095D311D408026B26FD76514187293EC72983C4A31C7D08B4A0154C7029356B18BB94A01D7D9F3DFD415252F6DF112935CC0497125F49D98504EC2A7BEC2B0F1291BC078C488833325840D0352E5D3AB68D4DD7AD4D81199001D79DC8404269EE96B55B676DDAE9AC8E9ECB3F9CCE9030BBA7AFA2D58A8E2842D85DFE65725DC7DCBDF8EEDA3F0AEDB2A6319B4B725637FADA9ACA2C8FEE8892CA5E9B5B90EAE9AECBA88C6E2276EFEF62B1D4B2811B85C8864453A5B217A87762B353D114607F739544DF664366D79D4C5F5036D9F053714CF4F9AF5E72C2C2204749940377392FB264BD4CF1AD62BC747D2B532C5F7F71A720C5FA10094909EEF4BAE7BD24AEDAAFEE948407BE4452C267775AC23386222DE1B34EEB74A674B6B67FAE814B3BDC90C1EA0CE56A5D190ECA1039472CC345BF1530379EDC2229CCBBDB2095834A28E99E2A21EC3585510A9CA0835A980A6F4631DADB53120EB12B55381DD9055C2466760EC729F247CB4552FCD3413D46530FE396571FF5C0093AA887A9F0B7326E605AD647C50EEAA1A6FBAA4758DDE8AF18FBA61542C041A919DDE7AD2E33EAB0818A52D41F3D0630F5F9056928B3BDCD606CDF416BA5744FADADF770C3E82C48CB416391729BD1D7C65F50EA18C48710A7325CEBF96BD82209FEC943AB9AB06E9236351FDDE9B46F928B74DA8FEE74EAB06C2291FA8BC714BC09CB264DC19B8FEE74C41B472229D34D2403E20E564649EF6365D043D1DEB606A6E86A71B0D29BB13BEDCD4C91047A5D13A71366AFE4B0447D907A261C8A8751339CA08396990A6F46C9A44048D2F4574CF0501329D891A426528AC7B02F443C92C67EE1FB4161465318EC68B38FAEA87ECEFE0A63A5B019AD11A2FD884484CFEEB4BAF03D22A9EEABE7E41698DA6E6362BB9B7A166209A186CBD18809693ECB7D316C8EBCD617537CB6FAA4D838F2769F94E4BB7CE21170F425144FE8450F91289CC36359A3C5BC9116375AAA87DEEAD16F2405D6937BD006DAACA679E8B61E2047D2723DD96F9340B762DDD79D19BF004FB33083997EBFC67F3873A0B1CB7B3C42FC0EC954779F3D69F1081D1A31FE7D274185FA0E0E05557DBB6A18A8101AB81D920260C866C818B503A72945B59017BF86A81E383D3FE8EE004030BFC9A1F8A8AEB80D83074C62B346A3B9052C52C16E066FADFF36D16703FBCBAFAFC63AB2DB68FF68CEA86A96B676FEA5FDDD3AA3724750C943B5E29AF99B56DC16DC2955F50CADB3B0C0F7B599A2D3E8FBA224CB2396E1E8FAD7E42289099B3435195E45697C4B8AB20EC9313D797C7C329D9C277154D42EC3DCE7F5997ADFDCC909F6F8097382258BE54C2DEEEF4ACBA814C542DAD8D5E3A1C0EFC68E104A246642B546341B103524FD12E5F34F51FE8765F4F58F2225974862D23171007A6A14DA9BB81C1E81966D2395D54E9935EAB66F9828350C77575598303CB0AFE70177A171D79C8808BC6B0F615CA50BF2F56CFAAFAAC8B3C9D53F3ED6A51E4DAA63996793C7937F0F0E43FFAD031EF3E2DC5BC8B7FEA09ED0AA8B0DC2967C34E757BF58765023F8A11E470B99C7CB2861B304FA5715D56B7AFC940A9D4EBB68B27F98E283FAC8EA833E2DBEAFEAB3B323467FCD0AA25607E02BC03FA01E6C67E714BA833AD43A86F6C7B0E60BEAA78C4AF1834A065449C04D736F15528E0ADB80DE0962755119596A5C503FB509661DF8E96F004AAD1369005AED797B005AB53FA9000CDFD97BE34ADA9F84E842EA679CBA9207BB14DA2E81814EF6D53AB56EA17EF8E2C506816B6B1B2787C5ED37A7B8987FE8DEEAADE4651A624D2A39997A75023039103C4C07923A005906B2D16F730C347713587C26EA242AC1E7D3825F27729DDF67086ADCFD73C7A6A41B56065F2D879600122C4EBEFFA1D7BA4270581CB2BC17DD3F836CDB49CE9FC1963EDCF9332CBD2022D4BD3CFBD302DC3A71FCB930ABBA73F66F1AE0BFD97FCDD6796EFA2EF89B92D5E74793ABE2431AFFBAA609EFA93494A5BFA2594346148BEBE4DECE9046DB777133BB9D2B670045177D39BDC9F54206E0FFE8860C8BBB2350C2E8CEE81C96C58E3FA56581A737121781696F13DABDD0A3BBDCB981078DB8A367853D1FED28D82D33D170D1A33575D1317BB66FAFEEC802A4DF28CD98DEFC28ADC77FB204CE00435D6C231877D70E319E80D00EF1F346023B19DFBA7241E3C4279293F1E139BDB61D88D96D883BA207CD902184E147ED378D4CEDB66B27150A02E3F5BFC8A04B75D6178846C500147CA32F08366244BC8DD91E22C8CF5E6D1B3AC6D83540C419A9DFBA8F0F7A08323CD1BBED01087D647434F060417FF4583D1A74AA6FA320C70BBD015103BF511E1C345E00C5DEFC190531D610493B051B29008ED00AE9FBBE83C7FC20D60EE3077571DEBDC5D3F68034EEF2C9174B3BB07EB204DF523B51EFBE070F21EC75CEADA3077D046F14E038052903038A49FD277E1E0F48761807028FF11DB8CD20C8A922D37B9EA3C0C73D781B1E004AEA452D4DEECFC74747A69D9D7151617FF16C8BD0408F29B6010BE86D9E3080D8907901E26B0B6D02521F0AC05C1E3EDA71B0416FF6EC0DD878D475046C3CF521820D7B1069C7C106BC25B33758ABCE4A31A8D5890F1169C8533D3B06345B084A247024D89F505F3E607C59DE64DA0D7061AF626D005CCA3B4BCDB6B7162D53ED53FE7493BC4DDE042385B633EB5795CEA68B1B7675AE76304043B543F4EB8D6CB0823A09ABA1DEBAB755219EB16895888950355DBABD22716B4EAB484C842AEAD21D2AC26B3156E14A9F2F9F34EAFC3B44BB4A72A4DCECF8C0F49B54B4963A83BD2E717742AB4A4C846AEAD2ED156963BA569B9603AAF2BC58BD2625184959AB12588B68950279CCD52251BB4D75F3A9A9B16E9EC75C37120BDB54773D9618ABAEB3986B86C32963155B2AB555085706C6ACD6DDAC8090D5165F2CF440A1654FFEAC0D4BF001B6505AFCAC4E18BCC374CBFE4010BBB8C390CC2AC4A70393928F90BDEC00169BB10BE7113A980EC3A42F0E7AB0A9BA66007C1ABD37A406AB73043980F0B641AB3812209C62AE061AA3C2644B0AFA6D62D34B403D58844EBE013EAD07E4419805A6105A78A3B02C8B9A61E6DA182D358C1D1E917DE96411E31C3F7E84F6E8D506EF00ABD85918C0B0D3B1197A702670207EB609C02EB41E4C1B4F7000CEDD4F7CCC3B61022B5ADA4E08A29903DB4580461E08CD3C3AD747E20D84174A3339B70B057D397F9342911621C87BF9E185C2A7F27699600F8F6F5224E232057E227EB84080BD4A401AB61D4DC39E26D07CA8E9A308417BB7BC4D3B9DD5CB3DFE81FED4DE273F9DBD5BA7EC6671FDEB9214F15D47E294D24CC95CDABF6BF35CA5B759B38DA8B4A8C9A23E664307C6455446E77919DF46F39226B34BC574BC994EAA8B9AEC6AFB0D595CA56FD6E56A5D5296C9F226916E38B2ED4853FDA733ADCDA76FAA27F58A102CD066C6EC32F69BF4E7759C2CDA76BF00AE2D2124D83E27BFC2CBFAB2645779EFEE5B4AAFB5985A18212EBE767BF63D59AE124AAC78935E47EC0104FFB651F8BD2477D1FCBEBBF28911B177842CF6D3CB38BACBA365C16974E5E94F8AE1C5F2EB8FFF078C54F68ED5010100, N'6.1.3-40302')
GO
GO
INSERT INTO [dbo].[__MigrationHistory] ([MigrationId], [ContextKey], [Model], [ProductVersion]) VALUES (N'201711132110500_v2', N'Autobots.Entities.Migrations.Configuration', 0x1F8B0800000000000400ED5D5B6FDCBA117E2FD0FF20EC535BE47863A709D2C03E073E76D21ACDC5889D83F629907769478856DA2369736C14FD657DE84FEA5F282951122F33BC485AEDAEB30810784572C8197E33BC0D39FFFBCF7F8F7FBA5FC4C13792E5519A9C4C0E0F9E4E0292CCD27994DC9D4C56C5ED0F2F273FFDF8FBDF1DBF9E2FEE835FEA7CCF583E5A32C94F265F8A62F96A3ACD675FC822CC0F16D12C4BF3F4B63898A58B69384FA7474F9FFE657A78382594C484D20A82E38FABA48816A4FC417F9EA5C98C2C8B5518BF4BE724CEF9779A7255520DDE870B922FC31939999CAE8AF4262DF283D794441191FC80962EC87D31094EE328A40DBA22F1ED240893242DC28236F7D5A79C5C15599ADC5D2DE98730BE7E58129AEF368C73C2D978D56677E5E8E911E368DA16AC49CD5679912E3C091E3EE3229AAAC53B097AD288900AB194D403E3BA14E4C9E42CCCDE855F29EF6A5DAFCEE28CE583C45C75CDC1F9CF07BCF89340CBF4A481084512FBF724385BC5C52A232709591559183F092E57377134FB3B79B84EBF92E42459C5B1D85ADA5E9A267DA09F2EB37449B2E2E123B9E53C5CCC27C1542E37550B36C58432157B1749F1EC6812BCA79587373169C02088E2AA4833F25792902C2CC8FC322C0A92258C0629C5A9D5AED4C5FEAF6BA3E8A3FA3409DE85F76F4972577C3999D03F27C19BE89ECCEB2FBC059F9288AA1F2D54642B62ABE49CE4B32C5A563059735D17F9E9AC88BE354CFD9CA63109134088663A671961023D2D6A42E7F4E775C4A4D5A13BCED2C572453FD86AFDB49C3BD7AA507A1F7E8BEECA4628342B8D98041F495C26E75FA265657E6A15F95C677993A58B8F69DCEA1E4FF97C95AEB21993690A265F87D91D29E4261D4F5B85B6AA3923D347CFD98FBDA27F578ACEF06717E0DE58781A8B72C0ED632A6A5B80988ADA92B836E8328B6604B75E8CE8E73A8FDC262109B45F627A2F0356D238FB1266455713D652D81B31A3CE3389F555FAABD5CD15C9BE5189F7A554765BA37C64162D423A8A5D66F42FBE50793909AE662123B8374EFD8D533B53E8670D201305590BD776B588025BD626036DD312B5D6E939A0F6395B2BB1B1DDAC554B616FADBEAB29D74066736FD83C26399EC6439DE8E0E6C5D9B8992C1B27AD4F0AE514DDA6C9C9FD0C5A4F6BB637655B62CA2E666972168779FEA88C26B576F3F987A4AFB1BB0C33DA559805DE1B5C3F837B4A7B04B1B7DC32F11CBA452B13743B2BA5FADA58C3169DB389C55A64D8A2330E4922DEFA480A33FDB21C3B59FE0FD99C645DED7E59786FF58D9A9793ACAD0FB09087472F07B090A30C2EAF176114AFBD96CB2F6942DEA76BAF870E29191961A0FC2709B37E93FD7711CD7E47FA1161D6FE2A4E8BFDCA63E881B0B482E7A428950330F265FA6729576BE8B5446D10D273F88E43943F0A6DD6F960FBDAE4CFA7CB651A25C582DA36693842B268031396CF773788594DB0AD942A1D35CAAF2C0FDA60533EADD5C6CCFD47D7BAD37B8CB11589FD486BAAAB14545FEB36C489D87E737C572D79E32D8359716E809B7C8A1D9793614BAEE4F1B5E57CBEDE7F98518D203E100DB4852F9116B2C2321436DD4C6214B2F53A7F1487C86E76BAA5B037D3C67DA3285FC6E1C375E9C7B7EECDF622CC0A4ABA320BBE66425DFD24F3A148ED2DAFB69924CDE3869DA4AAF6C33699ED64409439A49F15E17EADEAEC76970D498F9D0E4F257813657931D0FE8767D56FC34DD55C6E923C9A2D924DD8C37E5B5D47CF5F0CB5A14695FF36CA1664DE97FBCB30CF7F4BB3F9DFC2FCCB08E7D8B355464D201D6217CB91F604578B1B928D59D7605D73FD5BFA269CD161F775C24AF5A6F7369D7D4D57059D9230847F2A663AE01D090CD29CD3D98C9A893714CC647E96AE92A2DFB2978D7D16B3EAAA7FEB9B900CB213A54E4D9CB6AD9C57B371182DDC1A5F67C59B5DE5B0369867F36DEADBF42E420E13D51AEAAC7853AB1CD6A6F26CBE4D65C4DC5ACA73E20D2D3358DB59E5EA3539ADD7668C5ED943A6E9E9BBE6B6D169BE7C4F8A83BA7435097D7893519A749CF97AA0917D1238176E27B247AE13D9678737B7CF5E3E7F11CE9FBDF83379F6FC31AE8E073B2EF49D39B1EE6395AE7D782D6BFA258C574357D5491B4A2330BC369464B75F1BCA66D2CFDFA27253716A2F5167A6E49DF2D778F6D539A56563AB83C4E6D8958F63033AA90B1B8B86D7164675FB95058632989531D405F59BB2FE757BB70C71C3A36D3790B62B3B6F9B5EA3317581A7E2627F7FE6D9DA79B89EAA4DC2812C3E33F0D33C4F6751D92AED70ACF6419799A44BF9C0EA905E495A7669A722A7908CD89A813684F6F54405D887E49CC4A42001DB6463A7C667613E0BE7BAA0293373F7563507886DABC45B7C72ABFEA45546E14E987B6414B21DB09C2A135DE8EABA1125B36819C636D928051DD58AF1DC54A1A69C932549180C6C1270A95BF609D05BD154A6F4884D4AC753016A16044ABEA6683FC32EBA02F260D83D3D3838D4FA18230B4007213B146E20AEC6C00CC4B64BBD9AABFA4621C31DA76D9DAB7A515B7B775DB60AB938E3623E07069C2C92111127F3EE64A2360C36F5F229D6BBE8BDF4B67BDB4BAEA3E00DBD1B3BE2C888486504C421DCBBD4DCDC45DF18E084E7184CBD0B3DE322C3AD74071B0D6DD05B1176F80F08355D2023214DE7DC0968DCAD732338833C07B1CE35BA11B63D2C79F9D93AD94C1DC1CFBAF1DC097986F68F003F43DFEC140685C98F0B50204FCC419108F8708EBFD2ED8D479D8B9121A9F7D38E2C4C75C765236AE0CB320A22471A8B0D6ED51D55A43B0E21B98C054148042E7537773636023CCCA714EB6DAB8369DBE7A23FF92848B4DED0B228C84048B48868043C5A04E1D202F1AAE4468069F42DC210E0E668D4C240F358F6DAD073BB60370EE85C381F01792E227169067AD0B809E871CF305718A86E62CE705B9359B4F8A709ED037CA44601AB2CB10DC05416C9CE0194FB03BA0240750EDC36802A5E890840B9DBD228009525B60180CA22D93980566EA0AEFDAFF8846E1B3C656754049D95DFC628E094C4B5016C4AF2D87A68026E1158C79B7C24F45E877A7C4D883478668C0F475C4A23601197844BE5B08FDA5A8058F9C8B04B8EB404C9743B797ED344F6D0BCBD2863DCE12BE70E432A3218F12B52C8A73AF924685D73D47D6D6D55A393A8CE4F40125592858678E0A75111132D74C4ED4F8D8E9868A3831371A4C057705A79FEDDA574BD0906D3A8532D94C4AD158D909868A1C3DDC23412DA406BA1A32D1C20A2C0EAC2836C7DE7C54896CF093DC8F20B2A46AA95F1B410B511028908C602827BF354AB900F7DCF55B5612EDE740D13B29269F6D0C5074EA065D0EDA9CCB28B38E4F7010151E04E5D72D341B72E51042EFC834E5C76223D18AF9F6CC439874EEFC1562BE7F71D79574EDD9D40D4817FED25765D00467F19A9ED98C78CD0786C5C33D25937FAD57819B00C30170EADE980138722816ADE609100E07BE120C80EEC832F0EE932B0BA17E82756888381C0866140B69243A40209B7A7544495330B063BF34699014EBD7B8A0738E65E97F5009E8242C4831FBBEA7C8007AFAA50ECE2008F4BDD64DB4114E8BB31BA409C8E03BD0E0405AEF089A9D7319E4DDC1D2464BEC8AE8BC9FD70CAFF784A608F4FCF0DB2723A821A4160F5A4DF2E2AE830C5E738A5977894A30F8116B482195C4AF51AC62E256847DF674FBF979494FD77444A3533834B89AFA4EC420276953DF6957B8948DE034624C419E92D20E826972E1DDBC6A6EBD6A6C00CC880EB4EE44042A9AF97355B674DDAF1B48A97CB3F1C4F91C0BAC7EFC2E5928E2842A05DFE25B8AAA2EC9EFD70E51F777651D198CE2439AB1B7D4D4D459A85774449650FCECD49F97AD77958843721BBFA77365F68D9C08D426443A2AE52D90BD43BB1DEA9A80BB0BFB94AA2CFB321B3EB56A66F289B6CF8293926FAFC572F19B0C0C7611C66C075CEB3345E2D127CAB182F5D5DCC14CB575FDC2948D13D444252823BBDF6852F89ABE6AB3B25E18D2F9194F0D99D96F092A1484BF8ACD33A9E2A9DADED9F6BE0D20E3764B03A43B95C570E0765889C2396E1A2DF0B986B4F6E9114E6DD6D90CA5E2594744F9510F69A86510A9CA0835A980AAF47319ADB53120EB12B55381DD9055C2466760EC729F277CB4552FCD35E3D46530FE3965717F5C0093AA887A9F0F7326E605AD645C5F6EAA1A6FBAAC7B0BAD15D31764D2B8410835233DACF1B5D6654810215A5A83E7A0C60EAF30BD250667B9BC1D8BEBDD64AE99E5A5BEDE10EA3B3202D078D45CAAD475F6B7F41A963101F429C4A7FADE70F628B24F8270FADAA23BB49DA547F74A7D33C4B2ED2693EBAD3A922B38944AA2F1E53F03A329B3405AF3FBAD3116F1C89A44C37910C88DB5B1925BD8B95410F453BDB1A98A2ABC5C14AAFC7EE3437334512E8754D9CCE307B25FB25EAA3D433E1507C1835C3093A6899A9F07A944C8A85244D7FC5040F3591E21D496A22A5780CFB42D02369EC17BEEF15663485C18E36BBE88AEAE7ECAF30560AEBD11A21E08F4844F8EC4EAB8DE023926ABF7A4E6E81A9ED2626B6DBA967432C21D488391A3121CD67B92F46CE91D7FA628ACF569F141E47DEEE93927C974F3C088EBE84E2099DE821128573782C6BB4B037D2E2464BF5D05B3D008EA4C07A7207DA409BD5340FDDD663E4485AAE27FB6D12E856ACFDBA35E317E06936CC60A6DFAFF11FCE1C686CF31E8F10C24332D5ED674F5A3C4887468C7FDF4A50A1BE837D4155DDAEEA072A84066E87A41818B2193206EEC0694A812DE4C5AF21B0074ECF0FBA5B0010CC6FB22F3ECA2B6EFDE0019358AFD1A86F018B54B09BC11BEBBF75F459CFFEF2EBABB18EECD6DA3F9A33AA9AA5A99D7F697E37CEA8DC1154F2502DB966FEA625B739774A553D43AB2C93A03653741AFD90176471C0321C5CFD1A9FC5116193A63AC3BB30896E495E54513926474F0F8F26C1691C8579E532CC7D5E5FA9F7CD9D9C600F9F312758325F4CD5E2FEAEB48C4A9ECFA58D5D3D240AFC6EEC08D1442226546B50B31E8143926F6136FB12667F5884F77F1429B90413938E8907A0A706A2BD898AFE4168D9365251EE9459036FFB468A522371B7550D138907F6F5DCE36E68DCD5272202EFDA431817C99CDC9F4CFE551679155CFCE37355EA49501ECBBC0A9E06FFEE1D89FE7B073CE6C5B9B3906FFC413DA15515EB852DF968CEAF7EB16CAF46F0433D8E16328B1661CC6609F4AF32B0D7E4F025153A9D76D164FF48C57BF591D5077D5A7C57D5676B478CEE9A35885AED81AF007F8F7AB09DAD53E816EA50E318DA1DC39A2FA89F322AC53195DC2F5DFC3512F0D2DC597D94E3C2D698774258555406961A19D40F688319077EF83B00A5C68774005ACD71FB00B42A77520118BE93F7DA93B43B09D183D4CF36B525F73385A1ED1218E76457AD53E315EA872F5EAC17B836B66FB25FDB7E778A8BB987EEACDE4A4EA6432C49251F53AF4E0026078283694F527B20CB4036BA6D8E81E676028BCF449D4425B87C5AF0EB44AE75FB1C821AF7FEDCB229E99A95C157CBA12580048BA3E72F3AAD2B047FC53EAB7BD1FB73905D3BC9F773B0A50FF7FD1C96DE2022D49D3CBBD302BC3A71FCB930AB7A73766F1AE0BED97DCDD63A6EFA2EF8EB92E5E727C145FE29897E5DD1846B2A0D65E9AF68569F11C5E239B9B333A4D1F65DDCCC6EEBC93980A28BAE9CDEE43A2103707F744386C5DB112861F466748ECA62C79FD2B281A737121703D3DE24B43BA147F7B873030F1A7047CF0A3B3EDA51B05D66A2E6A2436BAAA263F66CD75EDD920548B7519A31BDFE515A0FFF64899B0146BAD8442CEEB61D623801A11DE2E7B5C475323E75E582C6C0279093F1DD39BDB62D08D96D083BA2C7CC902104E3C7126D9697AA1C77EDD48642C17810101974A9CEFA06D1A83080C26F74C3C19AEC88B73DDB4104F999AC4D43C718BD06883923F55BFBF1518F4286477A373D06A1CF8C8E061E2CEC8F1EAD47834EF96D14E478A17740D4C0AF940F0E1A2F8062AFFE8C82186B90A4AD828D1402476885F47DD7C1637E126B8BF1833A396FDFFA6973401A7705E58BA52D584259C26FA99DA877DFA38710F63EE7C6D1833E83370A709CC2948121C5A4FE133F8F07243B8C07028FF125B8F520C8A922D38B9EA3C0C73D7C1B1E024AEA452DCD6B67675C54D8DF3CDB2034D0938A4DC0027A9D671840ACC9BC0011B6853601A98F05602E4F1F6D39D8A0577B76066C3CEE3A02369EFA18C1863D89B4E560035E93D919AC95C7A518D4AAC4C78834E4B19E2D039A2D0825123A12EC4FA82F1F31BE2CAF326D07B8B077B1D6002EE5A5A57ADB5B8B97A9F6297FBC49DE26AFC39142DB99D5BB4A2793F90DBB3D57F918A0C1DA21FAD5463658419584D5506DDDDBAA10CF58B44AC444A89A36DD5E91B835A75524264215B5E90E15E1B518AB70A5CF974F1A75FE1DA25D263952AE777C60FA752A5A4B95C15E97B83BA15525264235B5E9F68AB4315DAB4DCB0155799A2FDF93028CA5AC5509AC45B44A813CE66A91B8DDA6BAF9D4D45837CF63AE1B89866DAABB1A4B8C555759CC35C30195B18A2D95DA2A842B03A356EB9E5640D06A8B3B167AA0D0B0277FD68625F8005B282D7E56270CDE81BA659720885DDC67486615E2D38149C947C85EB6078BF5D885F3081D4C0FC3A42F0E3AB0A9BA66007C1ABD37A406AB73043984F0A641AB3812209C62AE061AA3C2644B0AFB6D62D34B401D58844EBE013EAD07E483300B4C21B40047C3B22C6A86996B63BCD461ECF088EC4B278B18E7F8F123B447AF36780B58C5CEC200869D8ECDD083338103F1B34D0076A17560DA78820370EE7EE263DE091358D1D2B64210F51CD82E0234F6C0D0CCA3737D24E2C0F042A927E776A1A06FE7AF5328D2220479317F78A1F0A9BC5D26D8D3E3EB1489B84C811F89EF2F1060AF1290866D47D3B0A709341F6AFA2842D05E2E6FD28EA7D5728F7FA03FB517CA8FA71F5709BB5C5CFD3A277974D79238A634133293F6EF9A3C17C96D5A6F232A2DAAB3A8EFD9D081711E16E1695644B7E1ACA0C9EC5E311D6F2641795793DD6EBF21F38BE4C3AA58AE0ACA3259DCC4D22547B61D69AAFF78AAB5F9F843F9A85E3E040BB49911BB8FFD21F97915C5F3A6DD6F809B4B0809B6CFC96FF1B2BE2CD86DDEBB8786D27B2DAA1646888BAFD99EBD268B654C89E51F92AB90BD81E0DF360ABFB7E42E9C3DB4B73E3122F68E90C57E7C1E857759B8C8398DB63CFD49313C5FDCFFF87FC8CA4B23C9010100, N'6.1.3-40302')
GO
GO
INSERT INTO [dbo].[__MigrationHistory] ([MigrationId], [ContextKey], [Model], [ProductVersion]) VALUES (N'201711231852381_v1', N'Autobots.Entities.Migrations.Configuration', 0x1F8B0800000000000400ED5D5B6FDCBA117E2FD0FF20EC535BE4786DA709D2C03E073E76D21ACDC5889D83F629907769478856DA2369736214FD657DE84FEA5F282551122F33BCE8B6BB8EE017AF480E87C36F86B721E77FFFF9EFC94FDF56A1F79524691047A7B3A383C39947A245BC0CA2FBD3D926BBFBE1C5ECA71F7FFFBB9357CBD537EF972ADFD33C1F2D19A5A7B3CF59B67E399FA78BCF64E5A707AB6091C4697C971D2CE2D5DC5FC6F3E3C3C3BFCC8F8EE6849298515A9E77F2611365C18A143FE8CFF3385A9075B6F1C3B7F1928429FB4E53AE0BAADE3B7F45D2B5BF20A7B3B34D16DFC6597AF08A92C802921ED0D219F996CDBCB330F02943D724BC9B797E14C5999F51765F7E4CC97596C4D1FDF59A7EF0C39B8735A1F9EEFC3025AC192F9BECB62D3A3CCE5B346F0A56A4169B348B578E048F9E3211CDE5E2AD043DAB4548855848EA216F7521C8D3D9B91F86EF36AB5BDA9D334FAEEFE57998E479215197DD7370F1F30147E289A7647C524385222AFF7BE29D6FC26C9390D3886CB2C40F9F78579BDB3058FC9D3CDCC45F48741A6DC290E79AF24DD3840FF4D35512AF49923D7C2077AC2D97CB993717CBCDE5827531AE4CD9C4CB287B7A3CF3DED1CAFDDB90D4A0E0C4719DC509F92B8948E2676479E5671949A29C0629C4AAD42ED5550AA9AA8FE2906AD6CC7BEB7F7B43A2FBECF3E98CFE3BF35E07DFC8B2FAC278F81805541169A12CD910533597E9D9220BBE92AAA29FE338247E04344D4FE73C217933CFB28AD005FD794375B59590CEE3D57A433F986AFDB85E5AD7CA533A9937D836203E79EB7F21EDD15E149F90AE45BABF2283E3FC82A48B2458978671D2A901748A527AE77F0DEE0B26249AA546CCBC0F242C92D3CFC1BA1C702B15F95465799DC4AB0F71D8E81E4BF9741D6F92452ED3184CBEF1937B927550F39C4C173DCF7F4C8AFE5D297A8E3FB3002763E1682C8A01B78BA9A86C01622A2A4B62CBD055122C086EBD72A29FAA3C224F5C1268BFF8F44E06ACA071FED94FB2B626ACA1301931ADCEE712EBAAF4D79BDB6B927CA512EF4AA9E8B65AF9C82258F97414BB4AE87F6C69FE62E65D2FFC9CE0649CBA1BA766A6D0CD1A40260AB216B67C358802396B9201DE9444853B3507C49FB5B5E2996D67AD1A0A93B5FAAEA65C3D99CDC9B0394C721C8D873CD1C1CD8BB571D35936469AB7291C774AAA6ADBD42CDD8C5B47CB3699B51D316B978B383A0FFD347D5406945ABEE5F27DD4D5F05DF909ED2ACC1A4FC6D7CDF89ED11E416C2F33492C876AD98A04D5E60AA9AEF656E8DC2E6C61B65664BAAF39AEEB4880090D182C5A8D04EF93657E82D36E1C280A4FA3805613539234F50116F3E8F8450F167394C1E6D5CA0FC2C16BB9FA1C47E45D3C783D748849C80803E73F899F745B08BC0D68F67BD28D486EFDAFC338EBBA2A81F796A6C1B4C72D9AC2AC7E6AB234038498A20C0E52B2EB905A14BF2059A1E5285F422E99352E11E18ECFE1CA20153AD5D11CC5207F4DF2A7B3F53A0EA26C458DB430F4235994490096CF753A909B7F90574A950E7FC5D73C0FCAB02E9FC2B53673A705A3D0E91D260B258969CAA0ABAB10D4B47BFFBD0E0D6C46DEDDFECAD601B7D03D2D6E04D2E00207CE018F146AB64E0B1D7EEC6867C01A0A93FDD2EE1405E93AF41F6E0ABFD5A1B7DA333FC928E952E75C75505EDF44CBBE484D664DD93E122638FDCEDE64FB619AE5B53220D2E4CACD8A303F6E79DAB7CF86A4C35E86A312BC0E9234EB6987C3B1EA37FEB66A2EB6411ECD26C836EC61B7CDACE367CFFBDA32A3CA7F17242BB2ECDAFA2B3F4D7F8B93E5DFFCF4F308A7D88B4D424D201D6257EB9176FDC6B94FC0D5D55BD7DCFC16BFF61774D87D15E5A53AD37B132FBEC49B8C4E4972847FCC162AE02D09F4C2CED96241CDC46B0A66B23C8F3751D66D4D998F7D06B36AAB7FC34D487AD9A291A72656FB39D6BB88A11FACEC98AFB2E26C97398C0CB36CAEACBE89EF03E4F850AEA1CA8AB35AE630B2CAB2B9B29A13B3E394E5C4192D3218F92C73759A9C566BB39C5ED143BAE9E9DBFA76DD59BA7E47B283AA7439097D789D509A749CF972A0907DE259176E26B2C7B613D9A747B7774F5F3C7BEE2F9F3EFF3379FAEC31AE8E7B3B10749D39E5DD97573AF8F05AD4F48B1F6EFAAEAA95361446A07F6D28C8EEBE36146CD2CF5F836253716E2E5165A6E4ADF2577876D53989B3B1D54168E6D8958F63035AA94B3E16F5AF2D39D5DD571618CA60D6BC416D50BF2DEB5FF1BB6388EB1F6DFB81B47DD979DBF61A2D5717782ACEF7F72796AD9987ABA9CA241CC8D269067EBDB9CD1D64BBBC3BC191D8E78DE1E1E7D0E338A27D9F673818E0CFD2345E04056BCA697075E54264E855B4F48CF72FCA2E146F70D0BEA4C00EF2453265841AB7990CD9F7D105094946BCBC87721F84733F5DF84BB52B686396F65CD527E60D57FCA55591AB3F2995510522B95372E0E75BBE2955C920CA546D0BA245B0F643936CA482968A9AB7B9AE424EB9206B12E53A6692804DDDA28789CA455D99D42326299DCC39A81910287878A3FD0C7BA173C8836177787070A4F4314616800E42B62FDC40AD1A033350B36DEA556E636C15329CB5317530E4A862ECE5A16C96E6AE988D29ED197CAA684644A02A032BB3B56500CAF7AFB19E469F6668BAB9F1101E057BE8F5F011474B442A23A00E69BD4DCDB5CBFCD600C7BD48A2EB5DE82523116EC5B327A3A10D7A2EC50CFF1EA1A60A6424A4A92DB7021A7BEB672B38936E2D60FD8A5D6168FA9539C09A3A1525E90015708AD70A2D300F23A00596E7EE9B25C45958DBC71ACF61093E957FB42388709FE3F117AAED6188B6622C38A2FDB427EB4AD5D15E6F7AC05B4F068336D0B0A9B906D052453A9843402EA3594440043675D7976FB6023CCC071AEB6DA34374D3E7FCFD87519068BC6AE73CE2B742A2414423E0D120081B0EF8CBBB5B01A6D6170E43809D635C0303C5C3DE693FCEEEA6E438A0B369F908C8B311890D1BE8C1F836A0C73C196D6120BB355AC36D20B368F0A7E4F8037CFA4601AB28B12DC05414C9DE0194F9AFDA02407666DD35804A5EB40840999BDD28001525B605808A22D93B80966ECBB6FD2FF930EF1A3C45E769049DA59FD128E014C4B5056C0AF2D87968026E3C58C7EB7C7AD45E877A7C20446A3C89C687232EA511B0884BC2A672D8A7721020962E2EF9A55C5A8224AA9DBCB8AD232F29BE5CB461CC9D2B658E44323272E2D724AB0F60B888448D734DBD35CDA52A8B1B9952713200936187331624CA9D7090449964A0C19FF22954F844031D7E2355A1C3279AE8E0442C29B0B5A0529E7DB7295D6DA7C134AA5403257E934621C4271AE8308748858432641BE8284B108828B04E71205BDDF6D29265B34B07B2EC6A96966A69860D444D84AC8808CEA110D49B54891267C020C5A91F3BE6F2290A04BA1A084318EEA057B7445457C546DBB8D571B43456622E36D9461CE2439F8028703F319175D0538C17814DFB41BF3033910E0DE77B066F3D76CA06720F9CB1B5940370986605AA16F250621BA8C2D0BADF08FC630E381CF3D888A9A533B436C811686019601E210AEB804F8824817246629000E0CA6121C816CD971F4F549BAF735410F8465C1538BEC1F9818EC6086D071EE0426460387D57DB819FBFCB3281E73B361487B611C0236A1844D00360A087A123E01640810E6EED64DB4214E88B4BAA40AC0E26AD8EFF00E1E0135BA7034593B85B4848FF04842A26FB6332F78332AE796C7AAF9195D561D80802AB160D665141C73A2E073B9DC4231DC270B4A01550EF52AAD640662941670B2EA70B9DA4249D042052AA1AD3BB94D84ACC2C24607FDB6187BB9388C4DD684442AC219D0504DD8154A563DA62B5DD64E51A0336C0764FB427A154F7D4EA4DBC3AED645E4656671F4EE64808F693B7FE7A4D47142E243BFBE25D97F1D8CF7FB8768F50BE2A69CC17829CE52DC7BAA62C4EFC7B22A5E6D7FC96A478F7EEC2CFFC5B3FBFA577BE5C29D9C02D4B642FA2AA52DD9554FBB1DAA1A8CAE4FF33AD44DF36D4506C44FB9AB6361F858A8613611AAC294DCBE72F0CFB0970E9F43C0E37AB08DFBFC64B57CF8DF114AA6FF6549A6BA20227F5577B4ADC45519E14F7D99E1677FD93A7C57D56699DCCA54E5236E2156028A72422D62C91C8D6907DC1B0DC096F0341A4E440F02B2ED70BE0F3D577DD741484984C3C21216182F2A850463615DA421922678965B8E8F702E6EA320C4F0ABB20A391CAA41252BAA34A707B9BFD28054ED0422D748587518CFA968D8043ECEA0D4E47BC16C113D35F98C029B2C00E3C29F669528FD1D443BBF9DA463D708216EAA12BFCBD8C1B9896B551B1493DE47457F5E85737DA2BC6BE690517185660A3F9BCD5654619DE55528AF2A3C30026BF28220C65A6E746B4FC4D5A2BA43B6A6D799AD08FCE82B42C341629378CBE563EB442C7207EB53895EE5ACF1E46E349B04F0E5A55C5DF14B4A9FA684FA70E2DC1D3A93FDAD329E367F244CA2F0E53F02A7EA63005AF3EDAD3E16FE1F1A474B7F3345CF5B43098AC959CDEC65AA1C7FCAD6D164CD1D67261A587B15FF5AD679E047A151AA7332D521FA586700E1AFD28084ED0423F748587510F21A29D3001E6131CD444885A27A88990E230F073A1EB84D19FFB3E29CC680A831DB3B7D115D967DF5D618C1486D11A2E6C1B4F84FB6C4FAB89C3C6936ABE3A4E6F81C9ED36A6B6BBA9677D2C22E4B8670A312ECD65C1CFC73F1357FB7C8ACB669F10E44CDCF013925C1750806F8190D08A1E22513887C3C246095E262C6F945407BD55C398090AAC26B7A00DF02CA739E8B61AE94CD07235D96D9B40B562CDD79D19BF00AFC77E0633F5AE98FB70664163977779B8404C82A96E3E3BD262A1961462ECFB4E820AF563ED0AAAF2A66037502134703B24443212CD9036FC124EF38A0F4F242E7E35E199707A6ED0DD0180603EBC5DF1515CD7EC060F98C4B046A3BA1BCF53C1EECB6FADFF86E8B38EFDE5D657631DDA6DCFD7A0BE67DCD3812A4ED1E65055577A983EEA636DB39BABB69DDB1D511CF4E52C75EDEC4BFDBB76D067CEF182D77ED1FEDC07BF6877CA1CF5656FF932CBCCAB864B0AB6873423AB833CC3C1F5AFE17918907CF25E6578EB47C11D49B33270D2ECF8F0E878E69D85819F96D728D83D8097F26B205617038E9EE61703C87235978BBB5F2FC8A9A4E952381A50A351A1DEF46304800A72C11A433CB98622136283475FFD64F1D94FFEB0F2BFFD91A7D526B0D36D90750FEA94AB5956ECB31A0337B9468B9423393555F5138D0FF47BDF5FA0F84DCCBA4E3011BC5B26D80D023B2054C084BB9E715739BD736D57DEB4BA8C96E4DBE9EC5F459197DEE53F3E95A59E78C529F04BEFD0FBB7B34426C08B80C79CCFF716F2B5B78A23B4CA629DB025FA13B8D5CF97EDC404F3446068218B60E587F99492FE5704EA9C1DBDA042A7B3759A0C45C49CD4C7457DD02821FBAA3E3B3B62B4D7AC5ED46A02BE04FC09F5209F8D2FFB0EEA50EDCFDE1EC38A0BBB9B324AC531959C962EEE1A093897EFAD3E56871122E6AD10561615812507A577035A6FC6410811DE8952EDFADE03ADDA47A8075AA5173C070CD7C97BE500DF9E04EFF8EE669B9A929D660AC32C40268BD8D22282C1D2F6D52ED6EEEF6ED862C5A6C5EDA43F2EFA8339B5EFADFA08AEF17DAC4905CF78A74E0066079C5B7C4752139045206B9DCDC740733383C5A7A256A2E21CD50DF8B522D738ABF7418DF9ACEFD89C74606570D572680D20C0E2F8D9F3560B0BCECBBACBF29EF759EF65DB4EF058EF6DEDD3DFC93BECA8DE5E84AA6B7A7B5A802F3A8E3F9BC6CA3EE8ED59039CCEDB2FDA1A7773D7157F55B2F8FCC4BB4C3F46C1AF1B9A7043A521ADFD25CDEA32A218FCBDF7768634DAC68B9DD96DFCCF7B5074DE01DD995C2B64004EDB76C830F8680325B43ED8D611D6CCF89338EB797A23B4A267DADB84762BF4A87EC276E04183E7A95961776D330A76CB4C54AD68C14D5974CC9E6DDBAB3BB20069374AE78DDEC2288D3A73EFEDF8DCDF11C277BE47A086FD34C42603A38909D134F9CFA304F9E44334717CF09F0789E7A97DCED1468D3C97009EDAB755D5DAF48FBA8C12405613DA4D8D45264208C6CFE1C1C191D2750AA5F24A80995A5F28180F027C036DAA33BEB3372A0C501FB1565818C89638DBB43D44919BD9DA367CB4510181587E42BF351F1FF548A4798C7EDBE310FA6ADE68E0C1C229AA511015E814DF46418E137A7B440D1C8DA377D03801148B04300A62741128DBF69761DEC202BC7184D897BDB715D803B1BB66266C426EEEE0C247083929C3A7FAFE08963EFA373B7772ED638852EAAEFD8F0E42F6B66164F4A06FAB8E021CAB68AE60E455A1FFF8CFE30169B4414CFB48E9168731DD73D3A3C0C73ECA2D1E2953E845256D87A736E6E738B7080DF4386A1BB0801E8EEB0710039917D5D180E709487D2C00B379956FC7C1063D28B737602B7D1730B0B1D4C70836ECB5BE1D071BF0D0D9DE60AD3813C7A056263E46A421EFC8ED18D04CB1BA9108DB607F427DF988F16578307037C0853DD93800B8A4C7D7AABD6A25ACB8DCA7EC3DB77A6FBB7947CC6B4EF7EBBD482EB57C72ED74B6BCCDEF4A964E02420665022F57C5F6C2816A580A5C058B1E6D43BFDC38052B2893B01ACAAD7D5315FC198C52099F0855D3A49B2BE27701958AF844A8A226DDA222BC166D15B6F4D94A4DA1CEBE43B48B244BCAD5E6124CBF4A456B293398EBE2374294AAF844A8A626DD5C91327D506A537240559EA5EB77242BC7175395C0B247A914C8A3AF962D0D5DEA66B3606DDD2C8FBE6EB65270A9BB1CB6B4559759F43597D346DB8A0D959A2AB4AB8CF7DA032D49938A989226835415372E4186AB3A6AF7B87C8A0103CFE3D16392BA71E26765B085CFD2B9D2FC67791A2436CBA6C9828712D45CDC85496C2AD44E8B460A2E4BE6B21D9AC84B1D6FA736E471E7C6BAE2A14573656F11A0AD5A87128161795A52B0DB7CDC327825DF06A4A598F783D2506E7E57B7B3F8A669A693805A34513A8C079AA83BAEEFA92F85791017BFB4A7E6A9C7CE58330D07D43DDA5E6082A6843FECAB77059A5807EBE3403AF6D4169A8A9DEA010DB63A00149AA04E71E5587CDB81B7F62C0A68B9FDD9957E4F8F6B8A92B61382A8A6D86611A0017EFA6E3CBA9440C2FAF42F946AEE6F160A1AA06648A1086B1C242C4DFF42612B05B34CB0F81E438A845F05C19158BA0B04D87505A461DA9BD5ECCE02EC43AC8F2204252C439D76322F9778EC03FDA9845F38997FD844F94DA0F2D7054983FB86C409A5199185B01359E7B98CEEE26A4354E2A8CA223FEE4507C6A59FF9674916DCF98B8C26E7D7E0E97833F38AABC5F915AD5BB2BC8CDE6FB2F526A34D26ABDB50B8939B6FACEAEA3F992B3C9FBC2F1E814CFB68026533C82F4FBD8F7EDE04E1B2E6FB3570790A2191EFD8B2BB5D795F66F91DAFFB879AD23B257425468889AFDE68BE21AB754889A5EFA36B3FBF9BE6CE1B85DF1B72EF2F1E9A4BCA1811734788623FB908FCFBC45FA58C46539EFEA4185EAEBEFDF87F986D2CE5E4110100, N'6.1.3-40302')
GO
GO

-- ----------------------------
-- Table structure for AspNetRoles
-- ----------------------------
DROP TABLE [dbo].[AspNetRoles]
GO
CREATE TABLE [dbo].[AspNetRoles] (
[Id] nvarchar(128) NOT NULL ,
[Name] nvarchar(256) NOT NULL 
)


GO

-- ----------------------------
-- Records of AspNetRoles
-- ----------------------------
INSERT INTO [dbo].[AspNetRoles] ([Id], [Name]) VALUES (N'bcf4b313-19f5-477a-b735-e7c4c32785d3', N'Admin')
GO
GO
INSERT INTO [dbo].[AspNetRoles] ([Id], [Name]) VALUES (N'c274acc5-c1a8-4bae-92b1-2a1c87e3e0b0', N'Customer')
GO
GO

-- ----------------------------
-- Table structure for AspNetUserClaims
-- ----------------------------
DROP TABLE [dbo].[AspNetUserClaims]
GO
CREATE TABLE [dbo].[AspNetUserClaims] (
[Id] int NOT NULL IDENTITY(1,1) ,
[UserId] nvarchar(128) NOT NULL ,
[ClaimType] nvarchar(MAX) NULL ,
[ClaimValue] nvarchar(MAX) NULL 
)


GO

-- ----------------------------
-- Records of AspNetUserClaims
-- ----------------------------
SET IDENTITY_INSERT [dbo].[AspNetUserClaims] ON
GO
SET IDENTITY_INSERT [dbo].[AspNetUserClaims] OFF
GO

-- ----------------------------
-- Table structure for AspNetUserLogins
-- ----------------------------
DROP TABLE [dbo].[AspNetUserLogins]
GO
CREATE TABLE [dbo].[AspNetUserLogins] (
[LoginProvider] nvarchar(128) NOT NULL ,
[ProviderKey] nvarchar(128) NOT NULL ,
[UserId] nvarchar(128) NOT NULL 
)


GO

-- ----------------------------
-- Records of AspNetUserLogins
-- ----------------------------

-- ----------------------------
-- Table structure for AspNetUserRoles
-- ----------------------------
DROP TABLE [dbo].[AspNetUserRoles]
GO
CREATE TABLE [dbo].[AspNetUserRoles] (
[UserId] nvarchar(128) NOT NULL ,
[RoleId] nvarchar(128) NOT NULL 
)


GO

-- ----------------------------
-- Records of AspNetUserRoles
-- ----------------------------
INSERT INTO [dbo].[AspNetUserRoles] ([UserId], [RoleId]) VALUES (N'a118dae8-25a7-4b56-a247-236f0fcd15e6', N'bcf4b313-19f5-477a-b735-e7c4c32785d3')
GO
GO

-- ----------------------------
-- Table structure for AspNetUsers
-- ----------------------------
DROP TABLE [dbo].[AspNetUsers]
GO
CREATE TABLE [dbo].[AspNetUsers] (
[Id] nvarchar(128) NOT NULL ,
[FirstName] nvarchar(MAX) NOT NULL ,
[LastName] nvarchar(MAX) NOT NULL ,
[Phone] nvarchar(MAX) NULL ,
[Address] nvarchar(MAX) NULL ,
[Email] nvarchar(256) NULL ,
[EmailConfirmed] bit NOT NULL ,
[PasswordHash] nvarchar(MAX) NULL ,
[SecurityStamp] nvarchar(MAX) NULL ,
[PhoneNumber] nvarchar(MAX) NULL ,
[PhoneNumberConfirmed] bit NOT NULL ,
[TwoFactorEnabled] bit NOT NULL ,
[LockoutEndDateUtc] datetime NULL ,
[LockoutEnabled] bit NOT NULL ,
[AccessFailedCount] int NOT NULL ,
[UserName] nvarchar(256) NOT NULL ,
[IsActive] bit NOT NULL DEFAULT ((0)) ,
[CreatedAt] datetime NOT NULL DEFAULT ('1900-01-01T00:00:00.000') 
)


GO

-- ----------------------------
-- Records of AspNetUsers
-- ----------------------------
INSERT INTO [dbo].[AspNetUsers] ([Id], [FirstName], [LastName], [Phone], [Address], [Email], [EmailConfirmed], [PasswordHash], [SecurityStamp], [PhoneNumber], [PhoneNumberConfirmed], [TwoFactorEnabled], [LockoutEndDateUtc], [LockoutEnabled], [AccessFailedCount], [UserName], [IsActive], [CreatedAt]) VALUES (N'a118dae8-25a7-4b56-a247-236f0fcd15e6', N'AFname', N'ALname', null, null, N'Admin@123.com', N'1', N'AGeHIQOgl/M9oGv02HodF+VHtXfCpQz5qWUSdbNxSWsbXB+jSmyUu2Kl/H7BPEkbbg==', N'a1425c45-3693-4bef-9877-54172725e2a1', null, N'0', N'0', null, N'0', N'0', N'Admin', N'1', N'2017-11-11 20:00:20.563')
GO
GO

-- ----------------------------
-- Table structure for CallNumbers
-- ----------------------------
DROP TABLE [dbo].[CallNumbers]
GO
CREATE TABLE [dbo].[CallNumbers] (
[Id] int NOT NULL IDENTITY(1,1) ,
[Number] nvarchar(MAX) NULL ,
[IsActive] bit NOT NULL ,
[CreatedAt] datetime NOT NULL ,
[UpdatedAt] datetime NOT NULL 
)


GO

-- ----------------------------
-- Records of CallNumbers
-- ----------------------------
SET IDENTITY_INSERT [dbo].[CallNumbers] ON
GO
SET IDENTITY_INSERT [dbo].[CallNumbers] OFF
GO

-- ----------------------------
-- Table structure for CarMakes
-- ----------------------------
DROP TABLE [dbo].[CarMakes]
GO
CREATE TABLE [dbo].[CarMakes] (
[Id] int NOT NULL IDENTITY(1,1) ,
[Name] nvarchar(MAX) NULL ,
[Description] nvarchar(MAX) NULL ,
[IsActive] bit NOT NULL ,
[CreatedAt] datetime NULL DEFAULT (getdate()) ,
[UpdatedAt] datetime NOT NULL 
)


GO
DBCC CHECKIDENT(N'[dbo].[CarMakes]', RESEED, 7)
GO

-- ----------------------------
-- Records of CarMakes
-- ----------------------------
SET IDENTITY_INSERT [dbo].[CarMakes] ON
GO
INSERT INTO [dbo].[CarMakes] ([Id], [Name], [Description], [IsActive], [CreatedAt], [UpdatedAt]) VALUES (N'5', N'Honda', N'carmkae', N'1', N'2017-11-14 02:03:40.000', N'2017-11-14 02:03:40.000')
GO
GO
INSERT INTO [dbo].[CarMakes] ([Id], [Name], [Description], [IsActive], [CreatedAt], [UpdatedAt]) VALUES (N'6', N'toyota', N'carmake', N'0', N'2017-11-14 02:03:40.000', N'2017-11-14 02:03:40.000')
GO
GO
INSERT INTO [dbo].[CarMakes] ([Id], [Name], [Description], [IsActive], [CreatedAt], [UpdatedAt]) VALUES (N'7', N'Hundai', N'carmake', N'1', N'2017-11-14 02:03:40.000', N'2017-11-14 02:03:40.000')
GO
GO
SET IDENTITY_INSERT [dbo].[CarMakes] OFF
GO

-- ----------------------------
-- Table structure for CarModels
-- ----------------------------
DROP TABLE [dbo].[CarModels]
GO
CREATE TABLE [dbo].[CarModels] (
[Id] int NOT NULL IDENTITY(1,1) ,
[Name] nvarchar(MAX) NULL ,
[Description] nvarchar(MAX) NULL ,
[MakeId] int NOT NULL ,
[IsActive] bit NOT NULL ,
[CreatedAt] datetime NULL DEFAULT (getdate()) ,
[UpdatedAt] datetime NOT NULL 
)


GO
DBCC CHECKIDENT(N'[dbo].[CarModels]', RESEED, 5)
GO

-- ----------------------------
-- Records of CarModels
-- ----------------------------
SET IDENTITY_INSERT [dbo].[CarModels] ON
GO
INSERT INTO [dbo].[CarModels] ([Id], [Name], [Description], [MakeId], [IsActive], [CreatedAt], [UpdatedAt]) VALUES (N'1', N'Accord', N'carmodel', N'5', N'1', N'2017-11-14 02:03:40.000', N'2017-11-14 02:03:40.000')
GO
GO
INSERT INTO [dbo].[CarModels] ([Id], [Name], [Description], [MakeId], [IsActive], [CreatedAt], [UpdatedAt]) VALUES (N'2', N'City', N'carmodel', N'5', N'1', N'2017-11-14 02:03:40.000', N'2017-11-14 02:03:40.000')
GO
GO
INSERT INTO [dbo].[CarModels] ([Id], [Name], [Description], [MakeId], [IsActive], [CreatedAt], [UpdatedAt]) VALUES (N'3', N'Corolla', N'carmodel', N'6', N'1', N'2017-11-14 02:03:40.000', N'2017-11-14 02:03:40.000')
GO
GO
INSERT INTO [dbo].[CarModels] ([Id], [Name], [Description], [MakeId], [IsActive], [CreatedAt], [UpdatedAt]) VALUES (N'4', N'MarkX', N'carmodel', N'6', N'1', N'2017-11-14 02:03:40.000', N'2017-11-14 02:03:40.000')
GO
GO
INSERT INTO [dbo].[CarModels] ([Id], [Name], [Description], [MakeId], [IsActive], [CreatedAt], [UpdatedAt]) VALUES (N'5', N'Centro', N'carmodel', N'7', N'1', N'2017-11-14 02:03:40.000', N'2017-11-14 02:03:40.000')
GO
GO
SET IDENTITY_INSERT [dbo].[CarModels] OFF
GO

-- ----------------------------
-- Table structure for OrderDetails
-- ----------------------------
DROP TABLE [dbo].[OrderDetails]
GO
CREATE TABLE [dbo].[OrderDetails] (
[Id] int NOT NULL IDENTITY(1,1) ,
[OrderId] int NOT NULL ,
[SubServiceId] int NOT NULL ,
[Price] decimal(18,2) NOT NULL ,
[IsActive] bit NOT NULL ,
[CreatedAt] datetime NULL DEFAULT (getdate()) ,
[UpdatedAt] datetime NOT NULL 
)


GO

-- ----------------------------
-- Records of OrderDetails
-- ----------------------------
SET IDENTITY_INSERT [dbo].[OrderDetails] ON
GO
INSERT INTO [dbo].[OrderDetails] ([Id], [OrderId], [SubServiceId], [Price], [IsActive], [CreatedAt], [UpdatedAt]) VALUES (N'1', N'1', N'1', N'1500.00', N'1', N'2017-11-14 02:22:54.000', N'2017-11-14 02:22:58.000')
GO
GO
SET IDENTITY_INSERT [dbo].[OrderDetails] OFF
GO

-- ----------------------------
-- Table structure for Orders
-- ----------------------------
DROP TABLE [dbo].[Orders]
GO
CREATE TABLE [dbo].[Orders] (
[Id] int NOT NULL IDENTITY(1,1) ,
[UserId] nvarchar(128) NULL ,
[Name] nvarchar(MAX) NULL ,
[Email] nvarchar(MAX) NULL ,
[PhoneNo] nvarchar(MAX) NULL ,
[Address] nvarchar(MAX) NULL ,
[Year] int NOT NULL ,
[Millage] int NOT NULL ,
[TimeSlotId] int NOT NULL ,
[IsActive] bit NOT NULL ,
[CreatedAt] datetime NULL DEFAULT (getdate()) ,
[UpdatedAt] datetime NOT NULL ,
[ModelId] int NULL 
)


GO

-- ----------------------------
-- Records of Orders
-- ----------------------------
SET IDENTITY_INSERT [dbo].[Orders] ON
GO
INSERT INTO [dbo].[Orders] ([Id], [UserId], [Name], [Email], [PhoneNo], [Address], [Year], [Millage], [TimeSlotId], [IsActive], [CreatedAt], [UpdatedAt], [ModelId]) VALUES (N'1', N'a118dae8-25a7-4b56-a247-236f0fcd15e6', N'Fahad', N'Baig', N'03314721587', N'1-H johar town lahore', N'1993', N'15000', N'1', N'1', N'2017-11-14 02:21:32.000', N'1900-01-01 00:00:00.000', null)
GO
GO
SET IDENTITY_INSERT [dbo].[Orders] OFF
GO

-- ----------------------------
-- Table structure for PriceCharts
-- ----------------------------
DROP TABLE [dbo].[PriceCharts]
GO
CREATE TABLE [dbo].[PriceCharts] (
[Id] int NOT NULL IDENTITY(1,1) ,
[ModelId] int NOT NULL ,
[SubServiceId] int NOT NULL ,
[Price] decimal(18,2) NOT NULL ,
[IsActive] bit NOT NULL ,
[CreatedAt] datetime NULL DEFAULT (getdate()) ,
[UpdatedAt] datetime NOT NULL 
)


GO
DBCC CHECKIDENT(N'[dbo].[PriceCharts]', RESEED, 3)
GO

-- ----------------------------
-- Records of PriceCharts
-- ----------------------------
SET IDENTITY_INSERT [dbo].[PriceCharts] ON
GO
INSERT INTO [dbo].[PriceCharts] ([Id], [ModelId], [SubServiceId], [Price], [IsActive], [CreatedAt], [UpdatedAt]) VALUES (N'3', N'1', N'1', N'1500.00', N'1', N'2017-11-14 02:23:44.000', N'2017-11-14 02:23:50.000')
GO
GO
SET IDENTITY_INSERT [dbo].[PriceCharts] OFF
GO

-- ----------------------------
-- Table structure for Services
-- ----------------------------
DROP TABLE [dbo].[Services]
GO
CREATE TABLE [dbo].[Services] (
[Id] int NOT NULL IDENTITY(1,1) ,
[Name] nvarchar(MAX) NULL ,
[Description] nvarchar(MAX) NULL ,
[IsAddOn] bit NOT NULL ,
[ParentServiceId] int NULL ,
[IsActive] bit NOT NULL ,
[CreatedAt] datetime NULL DEFAULT (getdate()) ,
[UpdatedAt] datetime NOT NULL ,
[IconClass] nvarchar(MAX) NULL 
)


GO
DBCC CHECKIDENT(N'[dbo].[Services]', RESEED, 8)
GO

-- ----------------------------
-- Records of Services
-- ----------------------------
SET IDENTITY_INSERT [dbo].[Services] ON
GO
INSERT INTO [dbo].[Services] ([Id], [Name], [Description], [IsAddOn], [ParentServiceId], [IsActive], [CreatedAt], [UpdatedAt], [IconClass]) VALUES (N'5', N'Oilchange', N'service', N'1', null, N'1', N'2017-11-14 02:03:40.000', N'2017-11-14 02:03:40.000', null)
GO
GO
INSERT INTO [dbo].[Services] ([Id], [Name], [Description], [IsAddOn], [ParentServiceId], [IsActive], [CreatedAt], [UpdatedAt], [IconClass]) VALUES (N'6', N'Tuning', N'service', N'1', null, N'1', N'2017-11-14 02:03:40.000', N'2017-11-14 02:03:40.000', null)
GO
GO
INSERT INTO [dbo].[Services] ([Id], [Name], [Description], [IsAddOn], [ParentServiceId], [IsActive], [CreatedAt], [UpdatedAt], [IconClass]) VALUES (N'7', N'BreakChange', N'service', N'1', null, N'1', N'2017-11-14 02:03:40.000', N'2017-11-14 02:03:40.000', null)
GO
GO
INSERT INTO [dbo].[Services] ([Id], [Name], [Description], [IsAddOn], [ParentServiceId], [IsActive], [CreatedAt], [UpdatedAt], [IconClass]) VALUES (N'8', N'Tyre Balancing', N'service', N'1', null, N'1', N'2017-11-14 02:13:35.000', N'2017-11-14 02:13:40.000', null)
GO
GO
SET IDENTITY_INSERT [dbo].[Services] OFF
GO

-- ----------------------------
-- Table structure for Subscribers
-- ----------------------------
DROP TABLE [dbo].[Subscribers]
GO
CREATE TABLE [dbo].[Subscribers] (
[Id] int NOT NULL IDENTITY(1,1) ,
[Email] nvarchar(MAX) NULL ,
[IsActive] bit NOT NULL ,
[CreatedAt] datetime NOT NULL ,
[UpdatedAt] datetime NOT NULL 
)


GO

-- ----------------------------
-- Records of Subscribers
-- ----------------------------
SET IDENTITY_INSERT [dbo].[Subscribers] ON
GO
SET IDENTITY_INSERT [dbo].[Subscribers] OFF
GO

-- ----------------------------
-- Table structure for SubServices
-- ----------------------------
DROP TABLE [dbo].[SubServices]
GO
CREATE TABLE [dbo].[SubServices] (
[Id] int NOT NULL IDENTITY(1,1) ,
[Name] nvarchar(MAX) NULL ,
[Description] nvarchar(MAX) NULL ,
[ServiceId] int NOT NULL ,
[IsActive] bit NOT NULL ,
[CreatedAt] datetime NULL DEFAULT (getdate()) ,
[UpdatedAt] datetime NOT NULL 
)


GO
DBCC CHECKIDENT(N'[dbo].[SubServices]', RESEED, 7)
GO

-- ----------------------------
-- Records of SubServices
-- ----------------------------
SET IDENTITY_INSERT [dbo].[SubServices] ON
GO
INSERT INTO [dbo].[SubServices] ([Id], [Name], [Description], [ServiceId], [IsActive], [CreatedAt], [UpdatedAt]) VALUES (N'1', N'Zic', N'sub', N'5', N'1', N'2017-11-14 02:03:40.000', N'2017-11-14 02:03:40.000')
GO
GO
INSERT INTO [dbo].[SubServices] ([Id], [Name], [Description], [ServiceId], [IsActive], [CreatedAt], [UpdatedAt]) VALUES (N'2', N'Total', N'sub', N'5', N'1', N'2017-11-14 02:03:40.000', N'2017-11-14 02:03:40.000')
GO
GO
INSERT INTO [dbo].[SubServices] ([Id], [Name], [Description], [ServiceId], [IsActive], [CreatedAt], [UpdatedAt]) VALUES (N'3', N'Honda', N'sub', N'5', N'1', N'2017-11-14 02:03:40.000', N'2017-11-14 02:03:40.000')
GO
GO
INSERT INTO [dbo].[SubServices] ([Id], [Name], [Description], [ServiceId], [IsActive], [CreatedAt], [UpdatedAt]) VALUES (N'4', N'EngineTuning', N'sub', N'6', N'1', N'2017-11-14 02:03:40.000', N'2017-11-14 02:03:40.000')
GO
GO
INSERT INTO [dbo].[SubServices] ([Id], [Name], [Description], [ServiceId], [IsActive], [CreatedAt], [UpdatedAt]) VALUES (N'5', N'Honda', N'sub', N'7', N'1', N'2017-11-14 02:03:40.000', N'2017-11-14 02:03:40.000')
GO
GO
INSERT INTO [dbo].[SubServices] ([Id], [Name], [Description], [ServiceId], [IsActive], [CreatedAt], [UpdatedAt]) VALUES (N'6', N'Original Replacement', N'sub', N'8', N'1', N'2017-11-14 02:03:40.000', N'2017-11-14 02:03:40.000')
GO
GO
INSERT INTO [dbo].[SubServices] ([Id], [Name], [Description], [ServiceId], [IsActive], [CreatedAt], [UpdatedAt]) VALUES (N'7', N'Pressure Checking', N'sub', N'8', N'1', N'2017-11-14 02:03:40.000', N'2017-11-14 02:03:40.000')
GO
GO
SET IDENTITY_INSERT [dbo].[SubServices] OFF
GO

-- ----------------------------
-- Table structure for TimingSlots
-- ----------------------------
DROP TABLE [dbo].[TimingSlots]
GO
CREATE TABLE [dbo].[TimingSlots] (
[Id] int NOT NULL IDENTITY(1,1) ,
[DisplayText] nvarchar(MAX) NULL ,
[StartingTime] datetime NOT NULL ,
[EndingTime] datetime NOT NULL ,
[IsActive] bit NOT NULL ,
[CreatedAt] datetime NULL DEFAULT (getdate()) ,
[UpdatedAt] datetime NOT NULL 
)


GO
DBCC CHECKIDENT(N'[dbo].[TimingSlots]', RESEED, 8)
GO

-- ----------------------------
-- Records of TimingSlots
-- ----------------------------
SET IDENTITY_INSERT [dbo].[TimingSlots] ON
GO
INSERT INTO [dbo].[TimingSlots] ([Id], [DisplayText], [StartingTime], [EndingTime], [IsActive], [CreatedAt], [UpdatedAt]) VALUES (N'1', N'IST', N'2017-11-01 15:00:00.000', N'1900-01-01 16:00:00.000', N'1', N'2017-11-14 02:03:40.000', N'2017-11-14 02:03:40.000')
GO
GO
INSERT INTO [dbo].[TimingSlots] ([Id], [DisplayText], [StartingTime], [EndingTime], [IsActive], [CreatedAt], [UpdatedAt]) VALUES (N'8', N'2nd', N'1900-01-01 17:00:00.000', N'1900-01-01 18:00:00.000', N'1', N'2017-11-14 02:03:40.000', N'2017-11-14 02:03:40.000')
GO
GO
SET IDENTITY_INSERT [dbo].[TimingSlots] OFF
GO

-- ----------------------------
-- Indexes structure for table __MigrationHistory
-- ----------------------------

-- ----------------------------
-- Primary Key structure for table __MigrationHistory
-- ----------------------------
ALTER TABLE [dbo].[__MigrationHistory] ADD PRIMARY KEY ([MigrationId], [ContextKey])
GO

-- ----------------------------
-- Indexes structure for table AspNetRoles
-- ----------------------------
CREATE UNIQUE INDEX [RoleNameIndex] ON [dbo].[AspNetRoles]
([Name] ASC) 
WITH (IGNORE_DUP_KEY = ON)
GO

-- ----------------------------
-- Primary Key structure for table AspNetRoles
-- ----------------------------
ALTER TABLE [dbo].[AspNetRoles] ADD PRIMARY KEY ([Id])
GO

-- ----------------------------
-- Indexes structure for table AspNetUserClaims
-- ----------------------------
CREATE INDEX [IX_UserId] ON [dbo].[AspNetUserClaims]
([UserId] ASC) 
GO

-- ----------------------------
-- Primary Key structure for table AspNetUserClaims
-- ----------------------------
ALTER TABLE [dbo].[AspNetUserClaims] ADD PRIMARY KEY ([Id])
GO

-- ----------------------------
-- Indexes structure for table AspNetUserLogins
-- ----------------------------
CREATE INDEX [IX_UserId] ON [dbo].[AspNetUserLogins]
([UserId] ASC) 
GO

-- ----------------------------
-- Primary Key structure for table AspNetUserLogins
-- ----------------------------
ALTER TABLE [dbo].[AspNetUserLogins] ADD PRIMARY KEY ([LoginProvider], [ProviderKey], [UserId])
GO

-- ----------------------------
-- Indexes structure for table AspNetUserRoles
-- ----------------------------
CREATE INDEX [IX_UserId] ON [dbo].[AspNetUserRoles]
([UserId] ASC) 
GO
CREATE INDEX [IX_RoleId] ON [dbo].[AspNetUserRoles]
([RoleId] ASC) 
GO

-- ----------------------------
-- Primary Key structure for table AspNetUserRoles
-- ----------------------------
ALTER TABLE [dbo].[AspNetUserRoles] ADD PRIMARY KEY ([UserId], [RoleId])
GO

-- ----------------------------
-- Indexes structure for table AspNetUsers
-- ----------------------------
CREATE UNIQUE INDEX [UserNameIndex] ON [dbo].[AspNetUsers]
([UserName] ASC) 
WITH (IGNORE_DUP_KEY = ON)
GO

-- ----------------------------
-- Primary Key structure for table AspNetUsers
-- ----------------------------
ALTER TABLE [dbo].[AspNetUsers] ADD PRIMARY KEY ([Id])
GO

-- ----------------------------
-- Indexes structure for table CallNumbers
-- ----------------------------

-- ----------------------------
-- Primary Key structure for table CallNumbers
-- ----------------------------
ALTER TABLE [dbo].[CallNumbers] ADD PRIMARY KEY ([Id])
GO

-- ----------------------------
-- Indexes structure for table CarMakes
-- ----------------------------

-- ----------------------------
-- Primary Key structure for table CarMakes
-- ----------------------------
ALTER TABLE [dbo].[CarMakes] ADD PRIMARY KEY ([Id])
GO

-- ----------------------------
-- Indexes structure for table CarModels
-- ----------------------------
CREATE INDEX [IX_MakeId] ON [dbo].[CarModels]
([MakeId] ASC) 
GO

-- ----------------------------
-- Primary Key structure for table CarModels
-- ----------------------------
ALTER TABLE [dbo].[CarModels] ADD PRIMARY KEY ([Id])
GO

-- ----------------------------
-- Indexes structure for table OrderDetails
-- ----------------------------
CREATE INDEX [IX_OrderId] ON [dbo].[OrderDetails]
([OrderId] ASC) 
GO
CREATE INDEX [IX_SubServiceId] ON [dbo].[OrderDetails]
([SubServiceId] ASC) 
GO

-- ----------------------------
-- Primary Key structure for table OrderDetails
-- ----------------------------
ALTER TABLE [dbo].[OrderDetails] ADD PRIMARY KEY ([Id])
GO

-- ----------------------------
-- Indexes structure for table Orders
-- ----------------------------
CREATE INDEX [IX_UserId] ON [dbo].[Orders]
([UserId] ASC) 
GO
CREATE INDEX [IX_TimeSlotId] ON [dbo].[Orders]
([TimeSlotId] ASC) 
GO
CREATE INDEX [IX_ModelId] ON [dbo].[Orders]
([ModelId] ASC) 
GO

-- ----------------------------
-- Primary Key structure for table Orders
-- ----------------------------
ALTER TABLE [dbo].[Orders] ADD PRIMARY KEY ([Id])
GO

-- ----------------------------
-- Indexes structure for table PriceCharts
-- ----------------------------
CREATE INDEX [IX_ModelId] ON [dbo].[PriceCharts]
([ModelId] ASC) 
GO
CREATE INDEX [IX_SubServiceId] ON [dbo].[PriceCharts]
([SubServiceId] ASC) 
GO

-- ----------------------------
-- Primary Key structure for table PriceCharts
-- ----------------------------
ALTER TABLE [dbo].[PriceCharts] ADD PRIMARY KEY ([Id])
GO

-- ----------------------------
-- Indexes structure for table Services
-- ----------------------------
CREATE INDEX [IX_ParentServiceId] ON [dbo].[Services]
([ParentServiceId] ASC) 
GO

-- ----------------------------
-- Primary Key structure for table Services
-- ----------------------------
ALTER TABLE [dbo].[Services] ADD PRIMARY KEY ([Id])
GO

-- ----------------------------
-- Indexes structure for table Subscribers
-- ----------------------------

-- ----------------------------
-- Primary Key structure for table Subscribers
-- ----------------------------
ALTER TABLE [dbo].[Subscribers] ADD PRIMARY KEY ([Id])
GO

-- ----------------------------
-- Indexes structure for table SubServices
-- ----------------------------
CREATE INDEX [IX_ServiceId] ON [dbo].[SubServices]
([ServiceId] ASC) 
GO

-- ----------------------------
-- Primary Key structure for table SubServices
-- ----------------------------
ALTER TABLE [dbo].[SubServices] ADD PRIMARY KEY ([Id])
GO

-- ----------------------------
-- Indexes structure for table TimingSlots
-- ----------------------------

-- ----------------------------
-- Primary Key structure for table TimingSlots
-- ----------------------------
ALTER TABLE [dbo].[TimingSlots] ADD PRIMARY KEY ([Id])
GO

-- ----------------------------
-- Foreign Key structure for table [dbo].[AspNetUserClaims]
-- ----------------------------
ALTER TABLE [dbo].[AspNetUserClaims] ADD FOREIGN KEY ([UserId]) REFERENCES [dbo].[AspNetUsers] ([Id]) ON DELETE CASCADE ON UPDATE NO ACTION
GO

-- ----------------------------
-- Foreign Key structure for table [dbo].[AspNetUserLogins]
-- ----------------------------
ALTER TABLE [dbo].[AspNetUserLogins] ADD FOREIGN KEY ([UserId]) REFERENCES [dbo].[AspNetUsers] ([Id]) ON DELETE CASCADE ON UPDATE NO ACTION
GO

-- ----------------------------
-- Foreign Key structure for table [dbo].[AspNetUserRoles]
-- ----------------------------
ALTER TABLE [dbo].[AspNetUserRoles] ADD FOREIGN KEY ([RoleId]) REFERENCES [dbo].[AspNetRoles] ([Id]) ON DELETE CASCADE ON UPDATE NO ACTION
GO
ALTER TABLE [dbo].[AspNetUserRoles] ADD FOREIGN KEY ([UserId]) REFERENCES [dbo].[AspNetUsers] ([Id]) ON DELETE CASCADE ON UPDATE NO ACTION
GO

-- ----------------------------
-- Foreign Key structure for table [dbo].[CarModels]
-- ----------------------------
ALTER TABLE [dbo].[CarModels] ADD FOREIGN KEY ([MakeId]) REFERENCES [dbo].[CarMakes] ([Id]) ON DELETE CASCADE ON UPDATE NO ACTION
GO

-- ----------------------------
-- Foreign Key structure for table [dbo].[OrderDetails]
-- ----------------------------
ALTER TABLE [dbo].[OrderDetails] ADD FOREIGN KEY ([OrderId]) REFERENCES [dbo].[Orders] ([Id]) ON DELETE CASCADE ON UPDATE NO ACTION
GO
ALTER TABLE [dbo].[OrderDetails] ADD FOREIGN KEY ([SubServiceId]) REFERENCES [dbo].[SubServices] ([Id]) ON DELETE CASCADE ON UPDATE NO ACTION
GO

-- ----------------------------
-- Foreign Key structure for table [dbo].[Orders]
-- ----------------------------
ALTER TABLE [dbo].[Orders] ADD FOREIGN KEY ([TimeSlotId]) REFERENCES [dbo].[TimingSlots] ([Id]) ON DELETE CASCADE ON UPDATE NO ACTION
GO
ALTER TABLE [dbo].[Orders] ADD FOREIGN KEY ([UserId]) REFERENCES [dbo].[AspNetUsers] ([Id]) ON DELETE NO ACTION ON UPDATE NO ACTION
GO
ALTER TABLE [dbo].[Orders] ADD FOREIGN KEY ([ModelId]) REFERENCES [dbo].[CarModels] ([Id]) ON DELETE NO ACTION ON UPDATE NO ACTION
GO

-- ----------------------------
-- Foreign Key structure for table [dbo].[PriceCharts]
-- ----------------------------
ALTER TABLE [dbo].[PriceCharts] ADD FOREIGN KEY ([ModelId]) REFERENCES [dbo].[CarModels] ([Id]) ON DELETE CASCADE ON UPDATE NO ACTION
GO
ALTER TABLE [dbo].[PriceCharts] ADD FOREIGN KEY ([SubServiceId]) REFERENCES [dbo].[SubServices] ([Id]) ON DELETE CASCADE ON UPDATE NO ACTION
GO

-- ----------------------------
-- Foreign Key structure for table [dbo].[Services]
-- ----------------------------
ALTER TABLE [dbo].[Services] ADD FOREIGN KEY ([ParentServiceId]) REFERENCES [dbo].[Services] ([Id]) ON DELETE NO ACTION ON UPDATE NO ACTION
GO

-- ----------------------------
-- Foreign Key structure for table [dbo].[SubServices]
-- ----------------------------
ALTER TABLE [dbo].[SubServices] ADD FOREIGN KEY ([ServiceId]) REFERENCES [dbo].[Services] ([Id]) ON DELETE CASCADE ON UPDATE NO ACTION
GO
